1;;kinetica;;wkt;;mysql;;longblob
2;;kinetica;;bytes;;mysql;;longblob
3;;kinetica;;float;;mysql;;float
4;;kinetica;;boolean;;mysql;;bit
5;;kinetica;;double;;mysql;;double
6;;kinetica;;decimal;;mysql;;decimal
7;;kinetica;;string;;mysql;;text
8;;kinetica;;char256;;mysql;;text
9;;kinetica;;char128;;mysql;;text
10;;kinetica;;char64;;mysql;;text
11;;kinetica;;char32;;mysql;;text
12;;kinetica;;char16;;mysql;;text
13;;kinetica;;char8;;mysql;;text
14;;kinetica;;char4;;mysql;;text
15;;kinetica;;char2;;mysql;;text
16;;kinetica;;char1;;mysql;;text
17;;kinetica;;ipv4;;mysql;;text
18;;kinetica;;time;;mysql;;time
19;;kinetica;;long;;mysql;;bigint
20;;kinetica;;ulong;;mysql;;bigint unsigned
21;;kinetica;;timestamp;;mysql;;timestamp
22;;kinetica;;int;;mysql;;int
23;;kinetica;;int16;;mysql;;int
24;;kinetica;;int8;;mysql;;int
25;;kinetica;;integer;;mysql;;int
26;;kinetica;;varchar;;mysql;;varchar
27;;kinetica;;datetime;;mysql;;datetime
28;;kinetica;;date;;mysql;;date
29;;kinetica;;string;;bigquery;;string
30;;kinetica;;char256;;bigquery;;string
31;;kinetica;;char128;;bigquery;;string
32;;kinetica;;char64;;bigquery;;string
33;;kinetica;;char32;;bigquery;;string
34;;kinetica;;char16;;bigquery;;string
35;;kinetica;;char8;;bigquery;;string
36;;kinetica;;char4;;bigquery;;string
37;;kinetica;;char2;;bigquery;;string
38;;kinetica;;char1;;bigquery;;string
39;;kinetica;;ipv4;;bigquery;;string
40;;kinetica;;wkt;;bigquery;;string
41;;kinetica;;uuid;;bigquery;;string
42;;kinetica;;varchar;;bigquery;;string
43;;kinetica;;bytes;;bigquery;;bytes
44;;kinetica;;int8;;bigquery;;tinyint
45;;kinetica;;int16;;bigquery;;smallint
46;;kinetica;;int;;bigquery;;int
47;;kinetica;;integer;;bigquery;;integer
48;;kinetica;;float;;bigquery;;float64
49;;kinetica;;double;;bigquery;;decimal
50;;kinetica;;double precision;;bigquery;;decimal
51;;kinetica;;decimal;;bigquery;;bigdecimal
52;;kinetica;;date;;bigquery;;date
53;;kinetica;;datetime;;bigquery;;datetime
54;;kinetica;;long;;bigquery;;int64
55;;kinetica;;boolean;;bigquery;;bool
56;;kinetica;;timestamp;;bigquery;;timestamp
57;;kinetica;;time;;bigquery;;timestamp
58;;kinetica;;int16;;postgres;;smallint
59;;kinetica;;int8;;postgres;;smallint
60;;kinetica;;long;;postgres;;bigint
61;;kinetica;;ulong;;postgres;;bigint
62;;kinetica;;uuid;;postgres;;uuid
63;;kinetica;;varchar;;postgres;;character varying
64;;kinetica;;geometry;;postgres;;polygon
65;;kinetica;;int;;postgres;;integer
66;;kinetica;;integer;;postgres;;integer
67;;kinetica;;float;;postgres;;real
68;;kinetica;;double;;postgres;;decimal
69;;kinetica;;decimal;;postgres;;decimal
70;;kinetica;;string;;postgres;;text
71;;kinetica;;char256;;postgres;;text
72;;kinetica;;char128;;postgres;;text
73;;kinetica;;char64;;postgres;;text
74;;kinetica;;char32;;postgres;;text
75;;kinetica;;char16;;postgres;;text
76;;kinetica;;char8;;postgres;;text
77;;kinetica;;char4;;postgres;;text
78;;kinetica;;char2;;postgres;;text
79;;kinetica;;char1;;postgres;;text
80;;kinetica;;ipv4;;postgres;;text
81;;kinetica;;bytes;;postgres;;bytea
82;;kinetica;;date;;postgres;;date
83;;kinetica;;boolean;;postgres;;boolean
84;;kinetica;;datetime;;postgres;;timestamp
85;;kinetica;;timestamp;;postgres;;timestamp
86;;kinetica;;time;;postgres;;timestamp
87;;kinetica;;string;;snowflake;;text
88;;kinetica;;char256;;snowflake;;text
89;;kinetica;;char128;;snowflake;;text
90;;kinetica;;char64;;snowflake;;text
91;;kinetica;;char32;;snowflake;;text
92;;kinetica;;char16;;snowflake;;text
93;;kinetica;;char8;;snowflake;;text
94;;kinetica;;char4;;snowflake;;text
95;;kinetica;;char2;;snowflake;;text
96;;kinetica;;char1;;snowflake;;text
97;;kinetica;;ipv4;;snowflake;;text
98;;kinetica;;uuid;;snowflake;;text
99;;kinetica;;int;;snowflake;;integer
100;;kinetica;;integer;;snowflake;;integer
101;;kinetica;;varchar;;snowflake;;varchar
102;;kinetica;;int8;;snowflake;;tinyint
103;;kinetica;;int16;;snowflake;;smallint
104;;kinetica;;long;;snowflake;;bigint
105;;kinetica;;float;;snowflake;;float
106;;kinetica;;double;;snowflake;;double
107;;kinetica;;decimal;;snowflake;;decimal
108;;kinetica;;timestamp;;snowflake;;timestamp
109;;kinetica;;date;;snowflake;;date
110;;kinetica;;datetime;;snowflake;;datetime
111;;kinetica;;bytes;;snowflake;;binary
112;;kinetica;;boolean;;snowflake;;boolean
113;;kinetica;;time;;snowflake;;time
114;;mysql;;char;;kinetica;;string
115;;mysql;;varchar;;kinetica;;string
116;;mysql;;tinytext;;kinetica;;string
117;;mysql;;text;;kinetica;;string
118;;mysql;;mediumtext;;kinetica;;string
119;;mysql;;enum;;kinetica;;string
120;;mysql;;longtext;;kinetica;;string
121;;mysql;;set;;kinetica;;string
122;;mysql;;boolean;;kinetica;;string
123;;mysql;;geometry;;kinetica;;string
124;;mysql;;blob;;kinetica;;string
125;;mysql;;year;;kinetica;;string
126;;mysql;;tinyblob;;kinetica;;bytes
127;;mysql;;mediumblob;;kinetica;;bytes
128;;mysql;;bool;;kinetica;;bytes
129;;mysql;;point;;kinetica;;geometry
130;;mysql;;linestring;;kinetica;;geometry
131;;mysql;;polygon;;kinetica;;geometry
132;;mysql;;tinyint;;kinetica;;int8
133;;mysql;;bit;;kinetica;;int8
134;;mysql;;tinyint unsigned;;kinetica;;int8
135;;mysql;;smallint;;kinetica;;int16
136;;mysql;;smallint unsigned;;kinetica;;int16
137;;mysql;;mediumint;;kinetica;;int
138;;mysql;;int unsigned;;kinetica;;int
139;;mysql;;mediumint unsigned;;kinetica;;int
140;;mysql;;int;;kinetica;;int
141;;mysql;;integer;;kinetica;;int
142;;mysql;;bigint;;kinetica;;long
143;;mysql;;bigint unsigned;;kinetica;;long
144;;mysql;;float;;kinetica;;float
145;;mysql;;float unsigned;;kinetica;;float
146;;mysql;;double;;kinetica;;double
147;;mysql;;double precision;;kinetica;;double
148;;mysql;;decimal;;kinetica;;double
149;;mysql;;double unsigned;;kinetica;;double
150;;mysql;;date;;kinetica;;date
151;;mysql;;datetime;;kinetica;;datetime
152;;mysql;;time;;kinetica;;time
153;;mysql;;binary;;kinetica;;bytes
154;;mysql;;varbinary;;kinetica;;bytes
155;;mysql;;timestamp;;kinetica;;timestamp
156;;mysql;;char;;bigquery;;string
157;;mysql;;varchar;;bigquery;;string
158;;mysql;;tinytext;;bigquery;;string
159;;mysql;;text;;bigquery;;string
160;;mysql;;mediumtext;;bigquery;;string
161;;mysql;;enum;;bigquery;;string
162;;mysql;;longtext;;bigquery;;string
163;;mysql;;tinyblob;;bigquery;;bytes
164;;mysql;;blob;;bigquery;;bytes
165;;mysql;;mediumblob;;bigquery;;bytes
166;;mysql;;binary;;bigquery;;bytes
167;;mysql;;varbinary;;bigquery;;bytes
168;;mysql;;longblob;;bigquery;;bytes
169;;mysql;;tinyint;;bigquery;;tinyint
170;;mysql;;bit;;bigquery;;tinyint
171;;mysql;;tinyint unsigned;;bigquery;;tinyint
172;;mysql;;bool;;bigquery;;bool
173;;mysql;;boolean;;bigquery;;boolean
174;;mysql;;smallint;;bigquery;;smallint
175;;mysql;;smallint unsigned;;bigquery;;smallint
176;;mysql;;mediumint;;bigquery;;int
177;;mysql;;mediumint unsigned;;bigquery;;int
178;;mysql;;int;;bigquery;;int
179;;mysql;;year;;bigquery;;int
180;;mysql;;integer;;bigquery;;int64
181;;mysql;;int unsigned;;bigquery;;int64
182;;mysql;;bigint unsigned;;bigquery;;int64
183;;mysql;;bigint;;bigquery;;bigint
184;;mysql;;float;;bigquery;;float64
185;;mysql;;float unsigned;;bigquery;;float64
186;;mysql;;double unsigned;;bigquery;;float64
187;;mysql;;double;;bigquery;;decimal
188;;mysql;;double precision;;bigquery;;decimal
189;;mysql;;geometry;;bigquery;;geography
190;;mysql;;point;;bigquery;;geography
191;;mysql;;linestring;;bigquery;;geography
192;;mysql;;polygon;;bigquery;;geography
193;;mysql;;decimal;;bigquery;;bigdecimal
194;;mysql;;date;;bigquery;;date
195;;mysql;;datetime;;bigquery;;datetime
196;;mysql;;timestamp;;bigquery;;timestamp
197;;mysql;;time;;bigquery;;timestamp
198;;mysql;;json;;bigquery;;json
200;;mysql;;bit;;postgres;;bit
201;;mysql;;bool;;postgres;;boolean
202;;mysql;;boolean;;postgres;;boolean
203;;mysql;;smallint;;postgres;;smallint
204;;mysql;;smallint unsigned;;postgres;;smallint
205;;mysql;;tinyint unsigned;;postgres;;smallint
206;;mysql;;bigint;;postgres;;bigint
207;;mysql;;bigint unsigned;;postgres;;bigint
208;;mysql;;mediumint;;postgres;;integer
209;;mysql;;mediumint unsigned;;postgres;;integer
210;;mysql;;int;;postgres;;integer
211;;mysql;;integer;;postgres;;integer
212;;mysql;;year;;postgres;;integer
213;;mysql;;int unsigned;;postgres;;integer
214;;mysql;;float;;postgres;;real
215;;mysql;;float unsigned;;postgres;;real
216;;mysql;;double;;postgres;;decimal
217;;mysql;;decimal;;postgres;;decimal
218;;mysql;;double unsigned;;postgres;;decimal
219;;mysql;;double precision;;postgres;;double precision
220;;mysql;;point;;postgres;;point
221;;mysql;;linestring;;postgres;;lseg
222;;mysql;;polygon;;postgres;;polygon
223;;mysql;;varchar;;postgres;;character varying
224;;mysql;;char;;postgres;;character
225;;mysql;;tinytext;;postgres;;text
226;;mysql;;text;;postgres;;text
227;;mysql;;mediumtext;;postgres;;text
228;;mysql;;longtext;;postgres;;text
229;;mysql;;tinyblob;;postgres;;bytea
230;;mysql;;blob;;postgres;;bytea
231;;mysql;;mediumblob;;postgres;;bytea
232;;mysql;;binary;;postgres;;bytea
233;;mysql;;varbinary;;postgres;;bytea
234;;mysql;;longblob;;postgres;;bytea
238;;mysql;;date;;postgres;;date
239;;mysql;;datetime;;postgres;;timestamp
240;;mysql;;timestamp;;postgres;;timestamp
241;;mysql;;time;;postgres;;timestamp
242;;mysql;;json;;postgres;;json
243;;mysql;;char;;snowflake;;char
244;;mysql;;varchar;;snowflake;;varchar
245;;mysql;;tinytext;;snowflake;;text
246;;mysql;;text;;snowflake;;text
247;;mysql;;longtext;;snowflake;;text
248;;mysql;;enum;;snowflake;;text
249;;mysql;;mediumtext;;snowflake;;text
250;;mysql;;binary;;snowflake;;binary
251;;mysql;;varbinary;;snowflake;;varbinary
252;;mysql;;blob;;snowflake;;varbinary
253;;mysql;;boolean;;snowflake;;boolean
254;;mysql;;bit;;snowflake;;boolean
255;;mysql;;bool;;snowflake;;boolean
256;;mysql;;int;;snowflake;;integer
257;;mysql;;int unsigned;;snowflake;;integer
258;;mysql;;integer;;snowflake;;integer
259;;mysql;;mediumint;;snowflake;;integer
260;;mysql;;mediumint unsigned;;snowflake;;integer
261;;mysql;;tinyint;;snowflake;;tinyint
262;;mysql;;tinyint unsigned;;snowflake;;tinyint
263;;mysql;;smallint;;snowflake;;smallint
264;;mysql;;smallint unsigned;;snowflake;;smallint
265;;mysql;;year;;snowflake;;smallint
266;;mysql;;bigint;;snowflake;;bigint
267;;mysql;;bigint unsigned;;snowflake;;bigint
268;;mysql;;float;;snowflake;;float
269;;mysql;;float unsigned;;snowflake;;float
270;;mysql;;double;;snowflake;;double
271;;mysql;;double unsigned;;snowflake;;double
272;;mysql;;double precision;;snowflake;;double precision
273;;mysql;;decimal;;snowflake;;decimal
274;;mysql;;dec;;snowflake;;decimal
275;;mysql;;timestamp;;snowflake;;timestamp
276;;mysql;;date;;snowflake;;date
277;;mysql;;datetime;;snowflake;;datetime
278;;mysql;;time;;snowflake;;time
279;;mysql;;geometry;;snowflake;;geography
280;;mysql;;set;;snowflake;;array
281;;mysql;;tinyblob;;snowflake;;variant
282;;mysql;;mediumblob;;snowflake;;variant
283;;mysql;;longblob;;snowflake;;variant
284;;mysql;;json;;snowflake;;variant
285;;mysql;;point;;snowflake;;object
286;;mysql;;linestring;;snowflake;;object
287;;mysql;;polygon;;snowflake;;object
288;;bigquery;;string;;kinetica;;string
289;;bigquery;;boolean;;kinetica;;string
290;;bigquery;;bool;;kinetica;;string
291;;bigquery;;timestamp;;kinetica;;timestamp
292;;bigquery;;int64;;kinetica;;int
293;;bigquery;;float64;;kinetica;;double
294;;bigquery;;date;;kinetica;;date
295;;bigquery;;datetime;;kinetica;;datetime
296;;bigquery;;time;;kinetica;;time
297;;bigquery;;numeric;;kinetica;;decimal
298;;bigquery;;bignumeric;;kinetica;;decimal
299;;bigquery;;bytes;;kinetica;;bytes
300;;bigquery;;string;;mysql;;text
301;;bigquery;;decimal;;mysql;;decimal
302;;bigquery;;bigdecimal;;mysql;;varchar
303;;bigquery;;date;;mysql;;date
304;;bigquery;;datetime;;mysql;;datetime
305;;bigquery;;float64;;mysql;;float
306;;bigquery;;numeric;;mysql;;numeric
307;;bigquery;;bignumeric;;mysql;;numeric
308;;bigquery;;boolean;;mysql;;bool
309;;bigquery;;bool;;mysql;;bool
310;;bigquery;;json;;mysql;;json
311;;bigquery;;array;;mysql;;json
312;;bigquery;;timestamp;;mysql;;timestamp
313;;bigquery;;interval;;mysql;;timestamp
314;;bigquery;;time;;mysql;;time
315;;bigquery;;integer;;mysql;;integer
316;;bigquery;;bigint;;mysql;;bigint
317;;bigquery;;smallint;;mysql;;smallint
318;;bigquery;;int64;;mysql;;bigint
319;;bigquery;;bytes;;mysql;;blob
320;;bigquery;;geography;;mysql;;geometry
321;;bigquery;;tinyint;;mysql;;tinyint
322;;bigquery;;byteint;;mysql;;tinyint
323;;bigquery;;string;;postgres;;character varying
324;;bigquery;;int64;;postgres;;bigint
325;;bigquery;;bigint;;postgres;;bigint
327;;bigquery;;date;;postgres;;date
328;;bigquery;;boolean;;postgres;;boolean
329;;bigquery;;bool;;postgres;;boolean
330;;bigquery;;time;;postgres;;time
331;;bigquery;;bytes;;postgres;;bytea
332;;bigquery;;numeric;;postgres;;numeric
333;;bigquery;;interval;;postgres;;interval
334;;bigquery;;json;;postgres;;json
335;;bigquery;;int;;postgres;;integer
336;;bigquery;;integer;;postgres;;integer
337;;bigquery;;tinyint;;postgres;;smallint
338;;bigquery;;byteint;;postgres;;smallint
339;;bigquery;;decimal;;postgres;;decimal
340;;bigquery;;float64;;postgres;;numeric
341;;bigquery;;bignumeric;;postgres;;numeric
342;;bigquery;;timestamp;;postgres;;timestamp
343;;bigquery;;datetime;;postgres;;timestamp
344;;bigquery;;string;;snowflake;;string
345;;bigquery;;timestamp;;snowflake;;timestamp
346;;bigquery;;int64;;snowflake;;integer
347;;bigquery;;float64;;snowflake;;float
348;;bigquery;;array;;snowflake;;array
349;;bigquery;;date;;snowflake;;date
350;;bigquery;;datetime;;snowflake;;datetime
351;;bigquery;;boolean;;snowflake;;boolean
352;;bigquery;;time;;snowflake;;time
353;;bigquery;;geography;;snowflake;;geography
354;;bigquery;;numeric;;snowflake;;numeric
355;;bigquery;;bignumeric;;snowflake;;number
356;;bigquery;;bytes;;snowflake;;binary
357;;bigquery;;struct;;snowflake;;object
358;;postgres;;character;;kinetica;;string
359;;postgres;;character varying;;kinetica;;string
360;;postgres;;cidr;;kinetica;;string
361;;postgres;;inet;;kinetica;;string
362;;postgres;;json;;kinetica;;string
363;;postgres;;macaddr;;kinetica;;string
364;;postgres;;macaddr8;;kinetica;;string
365;;postgres;;text;;kinetica;;string
366;;postgres;;uuid;;kinetica;;string
367;;postgres;;varchar;;kinetica;;string
368;;postgres;;boolean;;kinetica;;string
369;;postgres;;bool;;kinetica;;integer
370;;postgres;;mpaa_rating;;kinetica;;string
371;;postgres;;_text;;kinetica;;string
372;;postgres;;tsvector;;kinetica;;string
373;;postgres;;bpchar;;kinetica;;string
374;;postgres;;interval;;kinetica;;string
375;;postgres;;txid_snapshot;;kinetica;;string
376;;postgres;;jsonb;;kinetica;;string
377;;postgres;;_numeric;;kinetica;;string
378;;postgres;;_interval;;kinetica;;string
379;;postgres;;bytea;;kinetica;;bytes
380;;postgres;;bit;;kinetica;;int8
381;;postgres;;bit varying;;kinetica;;int8
382;;postgres;;int8;;kinetica;;int8
383;;postgres;;smallint;;kinetica;;int16
384;;postgres;;smallserial;;kinetica;;int16
385;;postgres;;serial;;kinetica;;integer
386;;postgres;;integer;;kinetica;;integer
387;;postgres;;int;;kinetica;;integer
388;;postgres;;int4;;kinetica;;integer
389;;postgres;;year;;kinetica;;integer
390;;postgres;;int2;;kinetica;;integer
391;;postgres;;bigint;;kinetica;;long
392;;postgres;;bigserial;;kinetica;;long
393;;postgres;;real;;kinetica;;float
394;;postgres;;money;;kinetica;;float
396;;postgres;;double precision;;kinetica;;double
397;;postgres;;numeric;;kinetica;;double
398;;postgres;;decimal;;kinetica;;decimal
399;;postgres;;date;;kinetica;;date
400;;postgres;;time;;kinetica;;time
401;;postgres;;float8;;kinetica;;float
402;;postgres;;timestamp;;kinetica;;datetime
403;;postgres;;bytea;;mysql;;longblob
404;;postgres;;macaddr8;;mysql;;varchar
405;;postgres;;money;;mysql;;float
406;;postgres;;float8;;mysql;;float
407;;postgres;;numeric;;mysql;;numeric
408;;postgres;;inet;;mysql;;int unsigned
409;;postgres;;real;;mysql;;real
410;;postgres;;smallint;;mysql;;smallint
411;;postgres;;smallserial;;mysql;;smallint
412;;postgres;;text;;mysql;;text
413;;postgres;;varchar;;mysql;;text
414;;postgres;;bpchar;;mysql;;text
415;;postgres;;txid_snapshot;;mysql;;text
416;;postgres;;_numeric;;mysql;;text
417;;postgres;;_interval;;mysql;;text
418;;postgres;;time;;mysql;;time
419;;postgres;;timestamp;;mysql;;timestamp
420;;postgres;;interval;;mysql;;timestamp
421;;postgres;;integer;;mysql;;int
422;;postgres;;serial;;mysql;;int
423;;postgres;;int2;;mysql;;int
424;;postgres;;int4;;mysql;;int
425;;postgres;;int8;;mysql;;int
426;;postgres;;character;;mysql;;char
427;;postgres;;character varying;;mysql;;varchar
428;;postgres;;cidr;;mysql;;bigint unsigned
429;;postgres;;json;;mysql;;json
430;;postgres;;date;;mysql;;date
431;;postgres;;double precision;;mysql;;double precision
432;;postgres;;boolean;;mysql;;bool
433;;postgres;;bool;;mysql;;bool
434;;postgres;;macaddr;;mysql;;varchar
435;;postgres;;bigint;;mysql;;bigint
436;;postgres;;bigserial;;mysql;;bigint
437;;postgres;;box;;mysql;;polygon
438;;postgres;;circle;;mysql;;polygon
439;;postgres;;polygon;;mysql;;polygon
440;;postgres;;path;;mysql;;linestring
441;;postgres;;line;;mysql;;linestring
442;;postgres;;lseg;;mysql;;linestring
443;;postgres;;bit;;mysql;;bit
444;;postgres;;bit varying;;mysql;;bit
445;;postgres;;xml;;mysql;;longtext
446;;postgres;;tsvector;;mysql;;longtext
447;;postgres;;tsquery;;mysql;;longtext
448;;postgres;;uuid;;mysql;;longtext
449;;postgres;;jsonb;;mysql;;longblob
450;;postgres;;bigint;;bigquery;;int64
451;;postgres;;bigserial;;bigquery;;int64
452;;postgres;;cidr;;bigquery;;int64
453;;postgres;;inet;;bigquery;;int64
454;;postgres;;integer;;bigquery;;int64
455;;postgres;;smallint;;bigquery;;int64
456;;postgres;;smallserial;;bigquery;;int64
457;;postgres;;serial;;bigquery;;int64
458;;postgres;;int2;;bigquery;;int64
459;;postgres;;int4;;bigquery;;int64
460;;postgres;;year;;bigquery;;int64
461;;postgres;;bit;;bigquery;;int64
462;;postgres;;int8;;bigquery;;int64
463;;postgres;;bit varying;;bigquery;;bytes
464;;postgres;;bytea;;bigquery;;bytes
465;;postgres;;boolean;;bigquery;;bool
466;;postgres;;bool;;bigquery;;bool
467;;postgres;;character;;bigquery;;string
468;;postgres;;character varying;;bigquery;;string
469;;postgres;;macaddr;;bigquery;;string
470;;postgres;;macaddr8;;bigquery;;string
471;;postgres;;text;;bigquery;;string
472;;postgres;;varchar;;bigquery;;string
473;;postgres;;mpaa_rating;;bigquery;;string
474;;postgres;;bpchar;;bigquery;;string
475;;postgres;;jsonb;;bigquery;;string
476;;postgres;;tsquery;;bigquery;;string
477;;postgres;;tsvector;;bigquery;;string
478;;postgres;;txid_snapshot;;bigquery;;string
479;;postgres;;uuid;;bigquery;;string
480;;postgres;;xml;;bigquery;;string
481;;postgres;;date;;bigquery;;date
482;;postgres;;double precision;;bigquery;;float64
483;;postgres;;money;;bigquery;;float64
484;;postgres;;real;;bigquery;;float64
485;;postgres;;float8;;bigquery;;float64
486;;postgres;;json;;bigquery;;json
487;;postgres;;interval;;bigquery;;timestamp
488;;postgres;;timestamp;;bigquery;;timestamp
489;;postgres;;timestamptz;;bigquery;;timestamp
490;;postgres;;timetz;;bigquery;;time
491;;postgres;;time;;bigquery;;time
492;;postgres;;numeric;;bigquery;;numeric
496;;postgres;;timestamp;;snowflake;;timestamp
497;;postgres;;timestamptz;;snowflake;;timestamp
498;;postgres;;int2;;snowflake;;smallint
499;;postgres;;smallserial;;snowflake;;smallint
500;;postgres;;bool;;snowflake;;boolean
501;;postgres;;date;;snowflake;;date
502;;postgres;;time;;snowflake;;time
503;;postgres;;timetz;;snowflake;;time
504;;postgres;;uuid;;snowflake;;string
505;;postgres;;mpaa_rating;;snowflake;;string
506;;postgres;;tsvector;;snowflake;;string
507;;postgres;;bpchar;;snowflake;;character
508;;postgres;;character;;snowflake;;character
509;;postgres;;character varying;;snowflake;;character
510;;postgres;;bit;;snowflake;;binary
511;;postgres;;double precision;;snowflake;;double precision
512;;postgres;;varbit;;snowflake;;varbinary
513;;postgres;;bytea;;snowflake;;varbinary
514;;postgres;;float4;;snowflake;;float
515;;postgres;;real;;snowflake;;float
516;;postgres;;float8;;snowflake;;float8
517;;postgres;;macaddr;;snowflake;;text
518;;postgres;;macaddr8;;snowflake;;text
519;;postgres;;cidr;;snowflake;;text
520;;postgres;;text;;snowflake;;text
521;;postgres;;bigserial;;snowflake;;bigint
522;;postgres;;int8;;snowflake;;bigint
523;;postgres;;numeric;;snowflake;;numeric
524;;postgres;;money;;snowflake;;numeric
525;;postgres;;varchar;;snowflake;;varchar
526;;postgres;;interval;;snowflake;;varchar
527;;postgres;;txid_snapshot;;snowflake;;varchar
528;;postgres;;tsquery;;snowflake;;varchar
529;;postgres;;json;;snowflake;;variant
530;;postgres;;jsonb;;snowflake;;variant
531;;postgres;;xml;;snowflake;;variant
532;;postgres;;int4;;snowflake;;integer
533;;postgres;;serial;;snowflake;;integer
534;;postgres;;year;;snowflake;;integer
535;;postgres;;box;;snowflake;;geography
536;;postgres;;circle;;snowflake;;geography
537;;postgres;;line;;snowflake;;geography
538;;postgres;;lseg;;snowflake;;geography
539;;postgres;;path;;snowflake;;geography
540;;postgres;;point;;snowflake;;geography
541;;postgres;;polygon;;snowflake;;geography
542;;postgres;;_text;;snowflake;;array
543;;postgres;;_bool;;snowflake;;array
544;;postgres;;_bit;;snowflake;;array
545;;postgres;;_box;;snowflake;;array
546;;postgres;;_bpchar;;snowflake;;array
547;;postgres;;_bytea;;snowflake;;array
548;;postgres;;_char;;snowflake;;array
549;;postgres;;_cidr;;snowflake;;array
550;;postgres;;_circle;;snowflake;;array
551;;postgres;;_date;;snowflake;;array
552;;postgres;;_float4;;snowflake;;array
553;;postgres;;_float8;;snowflake;;array
554;;postgres;;_int2;;snowflake;;array
555;;postgres;;_int4;;snowflake;;array
556;;postgres;;_int8;;snowflake;;array
557;;postgres;;_interval;;snowflake;;array
558;;postgres;;_json;;snowflake;;array
559;;postgres;;_jsonb;;snowflake;;array
560;;postgres;;_line;;snowflake;;array
561;;postgres;;_lseg;;snowflake;;array
562;;postgres;;_macaddr;;snowflake;;array
563;;postgres;;_macaddr8;;snowflake;;array
564;;postgres;;_money;;snowflake;;array
565;;postgres;;_numeric;;snowflake;;array
566;;postgres;;_pg_lsn;;snowflake;;array
567;;postgres;;_point;;snowflake;;array
568;;postgres;;_polygon;;snowflake;;array
569;;postgres;;_time;;snowflake;;array
570;;postgres;;_uuid;;snowflake;;array
571;;postgres;;_varbit;;snowflake;;array
572;;postgres;;_varchar;;snowflake;;array
573;;postgres;;_xml;;snowflake;;array
574;;postgres;;_timestamp;;snowflake;;array
575;;postgres;;_path;;snowflake;;array
576;;postgres;;_tsquery;;snowflake;;array
577;;postgres;;_tsvector;;snowflake;;array
578;;postgres;;_txid_snapshot;;snowflake;;array
579;;snowflake;;number;;kinetica;;numeric
580;;snowflake;;decimal;;kinetica;;decimal
581;;snowflake;;double;;kinetica;;decimal
582;;snowflake;;double precision;;kinetica;;decimal
583;;snowflake;;real;;kinetica;;decimal
584;;snowflake;;geometry;;kinetica;;geography
585;;snowflake;;numeric;;kinetica;;numeric
586;;snowflake;;int;;kinetica;;int
587;;snowflake;;integer;;kinetica;;int
588;;snowflake;;bigint;;kinetica;;int
589;;snowflake;;smallint;;kinetica;;int
590;;snowflake;;tinyint;;kinetica;;int
591;;snowflake;;byteint;;kinetica;;int
592;;snowflake;;float;;kinetica;;float
593;;snowflake;;float4;;kinetica;;float
594;;snowflake;;float8;;kinetica;;float
595;;snowflake;;varchar;;kinetica;;string
596;;snowflake;;char;;kinetica;;string
597;;snowflake;;character;;kinetica;;string
598;;snowflake;;string;;kinetica;;string
599;;snowflake;;text;;kinetica;;string
601;;snowflake;;boolean;;kinetica;;string
602;;snowflake;;binary;;kinetica;;bytes
603;;snowflake;;varbinary;;kinetica;;bytes
604;;snowflake;;date;;kinetica;;date
605;;snowflake;;datetime;;kinetica;;datetime
606;;snowflake;;time;;kinetica;;time
607;;snowflake;;timestamp;;kinetica;;timestamp
608;;snowflake;;timestampltz;;kinetica;;timestamp
609;;snowflake;;timestampntz;;kinetica;;timestamp
610;;snowflake;;timestamptz;;kinetica;;timestamp
611;;snowflake;;numeric;;mysql;;numeric
612;;snowflake;;number;;mysql;;numeric
613;;snowflake;;decimal;;mysql;;decimal
614;;snowflake;;int;;mysql;;int
615;;snowflake;;integer;;mysql;;integer
616;;snowflake;;bigint;;mysql;;bigint
617;;snowflake;;smallint;;mysql;;smallint
618;;snowflake;;tinyint;;mysql;;tinyint
619;;snowflake;;byteint;;mysql;;tinyint
620;;snowflake;;float;;mysql;;float
621;;snowflake;;float4;;mysql;;float
622;;snowflake;;float8;;mysql;;float
623;;snowflake;;double;;mysql;;double
624;;snowflake;;double precision;;mysql;;double precision
625;;snowflake;;real;;mysql;;real
626;;snowflake;;varchar;;mysql;;varchar
627;;snowflake;;char;;mysql;;char
628;;snowflake;;character;;mysql;;char
629;;snowflake;;text;;mysql;;text
630;;snowflake;;binary;;mysql;;binary
631;;snowflake;;varbinary;;mysql;;longblob
632;;snowflake;;boolean;;mysql;;bool
633;;snowflake;;date;;mysql;;date
634;;snowflake;;datetime;;mysql;;datetime
635;;snowflake;;time;;mysql;;time
636;;snowflake;;timestamp;;mysql;;timestamp
637;;snowflake;;timestampltz;;mysql;;timestamp
638;;snowflake;;timestampntz;;mysql;;timestamp
639;;snowflake;;timestamptz;;mysql;;timestamp
640;;snowflake;;variant;;mysql;;json
641;;snowflake;;object;;mysql;;json
642;;snowflake;;array;;mysql;;json
643;;snowflake;;number;;bigquery;;bignumeric
644;;snowflake;;decimal;;bigquery;;decimal
645;;snowflake;;double;;bigquery;;decimal
646;;snowflake;;double precision;;bigquery;;decimal
647;;snowflake;;real;;bigquery;;decimal
648;;snowflake;;numeric;;bigquery;;numeric
649;;snowflake;;int;;bigquery;;int
650;;snowflake;;integer;;bigquery;;integer
651;;snowflake;;bigint;;bigquery;;bigint
652;;snowflake;;smallint;;bigquery;;smallint
653;;snowflake;;tinyint;;bigquery;;tinyint
654;;snowflake;;byteint;;bigquery;;byteint
655;;snowflake;;float;;bigquery;;float64
656;;snowflake;;float4;;bigquery;;float64
657;;snowflake;;float8;;bigquery;;float64
658;;snowflake;;varchar;;bigquery;;string
659;;snowflake;;char;;bigquery;;string
660;;snowflake;;character;;bigquery;;string
661;;snowflake;;string;;bigquery;;string
662;;snowflake;;text;;bigquery;;string
663;;snowflake;;binary;;bigquery;;bytes
664;;snowflake;;varbinary;;bigquery;;bytes
665;;snowflake;;boolean;;bigquery;;bool
666;;snowflake;;date;;bigquery;;date
667;;snowflake;;datetime;;bigquery;;datetime
668;;snowflake;;time;;bigquery;;time
669;;snowflake;;timestamp;;bigquery;;timestamp
670;;snowflake;;timestampltz;;bigquery;;timestamp
671;;snowflake;;timestampntz;;bigquery;;timestamp
672;;snowflake;;timestamptz;;bigquery;;timestamp
673;;snowflake;;object;;bigquery;;json
674;;snowflake;;variant;;bigquery;;json
676;;snowflake;;geography;;bigquery;;geography
677;;snowflake;;number;;postgres;;numeric
678;;snowflake;;numeric;;postgres;;numeric
679;;snowflake;;decimal;;postgres;;decimal
680;;snowflake;;int;;postgres;;integer
681;;snowflake;;integer;;postgres;;integer
682;;snowflake;;bigint;;postgres;;bigint
683;;snowflake;;smallint;;postgres;;smallint
684;;snowflake;;tinyint;;postgres;;smallint
685;;snowflake;;byteint;;postgres;;smallint
686;;snowflake;;float;;postgres;;real
687;;snowflake;;float4;;postgres;;real
688;;snowflake;;float8;;postgres;;real
689;;snowflake;;real;;postgres;;real
690;;snowflake;;double precision;;postgres;;double precision
691;;snowflake;;double;;postgres;;double precision
692;;snowflake;;varchar;;postgres;;character varying
693;;snowflake;;character;;postgres;;character
694;;snowflake;;char;;postgres;;character
695;;snowflake;;string;;postgres;;text
696;;snowflake;;text;;postgres;;text
697;;snowflake;;binary;;postgres;;bytea
698;;snowflake;;varbinary;;postgres;;bytea
699;;snowflake;;date;;postgres;;date
700;;snowflake;;time;;postgres;;time
701;;snowflake;;datetime;;postgres;;timestamp
702;;snowflake;;timestamp;;postgres;;timestamp
703;;snowflake;;timestampntz;;postgres;;timestamp
704;;snowflake;;timestampltz;;postgres;;timestamptz
705;;snowflake;;timestamptz;;postgres;;timestamptz
706;;snowflake;;variant;;postgres;;jsonb
707;;snowflake;;object;;postgres;;jsonb
708;;snowflake;;boolean;;postgres;;boolean
709;;sqlserver;;bigint;;snowflake;;bigint
710;;sqlserver;;bit;;snowflake;;byteint
711;;sqlserver;;decimal;;snowflake;;decimal
712;;sqlserver;;int;;snowflake;;int
713;;sqlserver;;money;;snowflake;;number
714;;sqlserver;;numeric;;snowflake;;numeric
715;;sqlserver;;smallint;;snowflake;;smallint
716;;sqlserver;;smallmoney;;snowflake;;number
717;;sqlserver;;tinyint;;snowflake;;tinyint
718;;sqlserver;;float;;snowflake;;float
719;;sqlserver;;real;;snowflake;;real
720;;sqlserver;;date;;snowflake;;date
721;;sqlserver;;datetime2;;snowflake;;datetime
722;;sqlserver;;datetime;;snowflake;;datetime
723;;sqlserver;;datetimeoffset;;snowflake;;timestamp
724;;sqlserver;;smalldatetime;;snowflake;;timestamp
725;;sqlserver;;time;;snowflake;;time
726;;sqlserver;;char;;snowflake;;char
727;;sqlserver;;text;;snowflake;;text
728;;sqlserver;;varchar;;snowflake;;varchar
729;;sqlserver;;nchar;;snowflake;;nchar
730;;sqlserver;;ntext;;snowflake;;varchar
731;;sqlserver;;nvarchar;;snowflake;;varchar
732;;sqlserver;;binary;;snowflake;;binary
733;;sqlserver;;image;;snowflake;;varbinary
734;;sqlserver;;varbinary;;snowflake;;varbinary
735;;sqlserver;;cursor;;snowflake;;text
736;;sqlserver;;hierarchyid;;snowflake;;varbinary
737;;sqlserver;;sql_variant;;snowflake;;text
738;;sqlserver;;geometry;;snowflake;;geometry
739;;sqlserver;;table;;snowflake;;text
740;;sqlserver;;rowversion;;snowflake;;int
741;;sqlserver;;uniqueidentifier;;snowflake;;text
742;;sqlserver;;geography;;snowflake;;geography
743;;sqlserver;;xml;;snowflake;;variant
744;;sqlserver;;int identity;;snowflake;;int
745;;mysql;;tinyint unsigned;;mysql;;tinyint
746;;mysql;;smallint unsigned;;mysql;;smallint
747;;mysql;;int unsigned;;mysql;;int
748;;mysql;;mediumint unsigned;;mysql;;mediumint
749;;mysql;;bigint unsigned;;mysql;;bigint
750;;mysql;;float unsigned;;mysql;;float
751;;mysql;;double unsigned;;mysql;;double
752;;postgres;;year;;postgres;;integer
753;;postgres;;mpaa_rating;;postgres;;text
754;;postgres;;_text;;mysql;;text
755;;sqlserver;;bigint;;db2;;bigint
756;;sqlserver;;bit;;db2;;smallint
757;;sqlserver;;decimal;;db2;;decimal
758;;sqlserver;;int;;db2;;int
759;;sqlserver;;money;;db2;;numeric
760;;sqlserver;;numeric;;db2;;numeric
761;;sqlserver;;smallint;;db2;;smallint
762;;sqlserver;;smallmoney;;db2;;numeric
763;;sqlserver;;tinyint;;db2;;smallint
764;;sqlserver;;float;;db2;;decfloat
765;;sqlserver;;real;;db2;;real
766;;sqlserver;;date;;db2;;date
767;;sqlserver;;datetime2;;db2;;timestamp
768;;sqlserver;;datetimeoffset;;db2;;timestamp
769;;sqlserver;;smalldatetime;;db2;;timestamp
770;;sqlserver;;time;;db2;;time
771;;sqlserver;;char;;db2;;character
772;;sqlserver;;text;;db2;;clob
773;;sqlserver;;varchar;;db2;;varchar
774;;sqlserver;;nchar;;db2;;character
775;;sqlserver;;ntext;;db2;;clob
776;;sqlserver;;nvarchar;;db2;;varchar
777;;sqlserver;;binary;;db2;;binary
778;;sqlserver;;image;;db2;;varbinary
779;;sqlserver;;varbinary;;db2;;varbinary
780;;sqlserver;;cursor;;db2;;clob
781;;sqlserver;;hierarchyid;;db2;;varbinary
782;;sqlserver;;sql_variant;;db2;;clob
783;;sqlserver;;table;;db2;;clob
784;;sqlserver;;rowversion;;db2;;int
785;;sqlserver;;xml;;db2;;xml
786;;db2;;character;;sqlserver;;char
787;;db2;;varchar;;sqlserver;;varchar
788;;db2;;clob;;sqlserver;;text
789;;db2;;graphic;;sqlserver;;text
790;;db2;;vargraphic;;sqlserver;;ntext
791;;db2;;binary;;sqlserver;;binary
792;;db2;;varbinary;;sqlserver;;varbinary
793;;db2;;smallint;;sqlserver;;smallint
794;;db2;;integer;;sqlserver;;int
795;;db2;;int;;sqlserver;;int
796;;db2;;bigint;;sqlserver;;bigint
797;;db2;;decimal;;sqlserver;;decimal
798;;db2;;numeric;;sqlserver;;decimal
799;;db2;;decfloat;;sqlserver;;float
800;;db2;;real;;sqlserver;;real
801;;db2;;double;;sqlserver;;numeric
802;;db2;;date;;sqlserver;;date
803;;db2;;time;;sqlserver;;time
804;;db2;;timestamp;;sqlserver;;datetime
805;;db2;;xml;;sqlserver;;xml
806;;db2;;character;;oracle;;char
807;;db2;;varchar;;oracle;;varchar2
808;;db2;;clob;;oracle;;clob
809;;db2;;graphic;;oracle;;nchar
810;;db2;;vargraphic;;oracle;;nvarchar2
811;;db2;;blob;;oracle;;blob
812;;db2;;smallint;;oracle;;number
813;;db2;;integer;;oracle;;number
814;;db2;;int;;oracle;;number
815;;db2;;bigint;;oracle;;number
816;;db2;;decimal;;oracle;;number
817;;db2;;numeric;;oracle;;number
818;;db2;;decfloat;;oracle;;binary_double
819;;db2;;real;;oracle;;binary_double
820;;db2;;double;;oracle;;binary_double
821;;db2;;date;;oracle;;date
822;;db2;;time;;oracle;;date
823;;db2;;timestamp;;oracle;;timestamp
824;;db2;;xml;;oracle;;xmltype
825;;oracle;;number;;db2;;numeric
826;;oracle;;float;;db2;;decfloat
827;;oracle;;binary_float;;db2;;decfloat
828;;oracle;;binary_double;;db2;;double
829;;oracle;;long;;db2;;bigint
830;;oracle;;char;;db2;;character
831;;oracle;;varchar2;;db2;;varchar
832;;oracle;;nchar;;db2;;character
833;;oracle;;nvarchar2;;db2;;varchar
834;;oracle;;clob;;db2;;clob
835;;oracle;;nclob;;db2;;dbclob
836;;oracle;;xmltype;;db2;;xml
837;;oracle;;date;;db2;;date
838;;oracle;;timestamp;;db2;;timestamp
839;;oracle;;rowid;;db2;;varchar
840;;oracle;;blob;;db2;;blob
841;;oracle;;bfile;;db2;;dbclob
842;;oracle;;long raw;;db2;;varchar
843;;oracle;;interval year to month;;db2;;timestamp
844;;oracle;;interval day to second;;db2;;timestamp
845;;postgres;;smallint;;sqlserver;;smallint
846;;postgres;;integer;;sqlserver;;int
847;;postgres;;bigint;;sqlserver;;bigint
848;;postgres;;decimal;;sqlserver;;decimal
849;;postgres;;numeric;;sqlserver;;numeric
850;;postgres;;real;;sqlserver;;real
851;;postgres;;double precision;;sqlserver;;float
852;;postgres;;smallserial;;sqlserver;;smallint identity
853;;postgres;;serial;;sqlserver;;int identity
854;;postgres;;bigserial;;sqlserver;;bigint identity
855;;postgres;;boolean;;sqlserver;;bit
856;;postgres;;text;;sqlserver;;varchar
857;;postgres;;varchar;;sqlserver;;varchar
858;;postgres;;char;;sqlserver;;char
859;;postgres;;bytea;;sqlserver;;varbinary
860;;postgres;;date;;sqlserver;;date
861;;postgres;;time;;sqlserver;;time
862;;postgres;;timestamp;;sqlserver;;datetime2
874;;postgres;;uuid;;sqlserver;;uniqueidentifier
875;;postgres;;xml;;sqlserver;;xml
886;;postgres;;smallint;;oracle;;number
887;;postgres;;integer;;oracle;;number
888;;postgres;;bigint;;oracle;;number
889;;postgres;;decimal;;oracle;;number
890;;postgres;;numeric;;oracle;;number
891;;postgres;;real;;oracle;;binary_float
892;;postgres;;double precision;;oracle;;binary_double
893;;postgres;;smallserial;;oracle;;number
894;;postgres;;serial;;oracle;;number
895;;postgres;;bigserial;;oracle;;number
896;;postgres;;boolean;;oracle;;char
897;;postgres;;text;;oracle;;clob
898;;postgres;;varchar;;oracle;;varchar2
899;;postgres;;char;;oracle;;char
900;;postgres;;bytea;;oracle;;blob
901;;postgres;;date;;oracle;;date
902;;postgres;;time;;oracle;;date
903;;postgres;;timestamp;;oracle;;timestamp
904;;postgres;;interval;;oracle;;interval day to second
915;;postgres;;uuid;;oracle;;raw
916;;postgres;;xml;;oracle;;xmltype
917;;postgres;;json;;oracle;;clob
918;;postgres;;jsonb;;oracle;;clob
927;;postgres;;smallint;;db2;;smallint
928;;postgres;;integer;;db2;;integer
929;;postgres;;bigint;;db2;;bigint
930;;postgres;;decimal;;db2;;decimal
931;;postgres;;numeric;;db2;;decimal
932;;postgres;;real;;db2;;real
933;;postgres;;double precision;;db2;;double
934;;postgres;;smallserial;;db2;;integer
935;;postgres;;serial;;db2;;bigint
936;;postgres;;bigserial;;db2;;decimal
937;;postgres;;boolean;;db2;;char
938;;postgres;;text;;db2;;clob
939;;postgres;;varchar;;db2;;varchar
940;;postgres;;char;;db2;;char
941;;postgres;;bytea;;db2;;blob
942;;postgres;;date;;db2;;date
943;;postgres;;time;;db2;;time
944;;postgres;;timestamp;;db2;;timestamp
956;;postgres;;uuid;;db2;;varchar
957;;postgres;;xml;;db2;;xml
958;;postgres;;json;;db2;;clob
959;;postgres;;jsonb;;db2;;clob
968;;sqlserver;;tinyint;;postgres;;smallint
969;;sqlserver;;smallint;;postgres;;smallint
970;;sqlserver;;int;;postgres;;integer
971;;sqlserver;;bigint;;postgres;;bigint
972;;sqlserver;;decimal;;postgres;;numeric
973;;sqlserver;;numeric;;postgres;;numeric
974;;sqlserver;;real;;postgres;;real
975;;sqlserver;;float;;postgres;;double precision
976;;sqlserver;;bit;;postgres;;boolean
977;;sqlserver;;char;;postgres;;char
978;;sqlserver;;varchar;;postgres;;varchar
979;;sqlserver;;text;;postgres;;text
980;;sqlserver;;nchar;;postgres;;nchar
981;;sqlserver;;nvarchar;;postgres;;varchar
982;;sqlserver;;ntext;;postgres;;text
983;;sqlserver;;binary;;postgres;;bytea
984;;sqlserver;;varbinary;;postgres;;bytea
985;;sqlserver;;image;;postgres;;bytea
986;;sqlserver;;date;;postgres;;date
987;;sqlserver;;time;;postgres;;time
988;;sqlserver;;datetime;;postgres;;timestamp
989;;sqlserver;;datetime2;;postgres;;timestamp
990;;sqlserver;;smalldatetime;;postgres;;timestamp
991;;sqlserver;;datetimeoffset;;postgres;;timestamp with time zone
992;;sqlserver;;timestamp;;postgres;;timestamp
993;;sqlserver;;uniqueidentifier;;postgres;;uuid
994;;sqlserver;;xml;;postgres;;xml
999;;oracle;;number;;postgres;;numeric
1000;;oracle;;binary_float;;postgres;;real
1001;;oracle;;binary_double;;postgres;;double precision
1002;;oracle;;char;;postgres;;char
1003;;oracle;;varchar2;;postgres;;varchar
1004;;oracle;;nchar;;postgres;;nchar
1005;;oracle;;nvarchar2;;postgres;;varchar
1006;;oracle;;long;;postgres;;text
1007;;oracle;;raw;;postgres;;bytea
1008;;oracle;;long raw;;postgres;;bytea
1009;;oracle;;date;;postgres;;timestamp without time zone
1010;;oracle;;timestamp;;postgres;;timestamp with time zone
1011;;oracle;;timestamp with time zone;;postgres;;timestamp with time zone
1012;;oracle;;timestamp with local time zone;;postgres;;timestamp with time zone
1013;;oracle;;interval year to month;;postgres;;interval year to month
1014;;oracle;;interval day to second;;postgres;;interval day to second
1015;;oracle;;blob;;postgres;;bytea
1016;;oracle;;clob;;postgres;;text
1017;;oracle;;nclob;;postgres;;text
1018;;oracle;;xmltype;;postgres;;xml
1019;;oracle;;json;;postgres;;json
1020;;db2;;smallint;;postgres;;smallint
1021;;db2;;integer;;postgres;;integer
1022;;db2;;bigint;;postgres;;bigint
1023;;db2;;decimal;;postgres;;numeric
1024;;db2;;numeric;;postgres;;numeric
1025;;db2;;real;;postgres;;real
1026;;db2;;double;;postgres;;double precision
1027;;db2;;float;;postgres;;double precision
1028;;db2;;boolean;;postgres;;boolean
1029;;db2;;char;;postgres;;char
1030;;db2;;varchar;;postgres;;varchar
1032;;db2;;graphic;;postgres;;nchar
1033;;db2;;vargraphic;;postgres;;varchar
1035;;db2;;blob;;postgres;;bytea
1036;;db2;;clob;;postgres;;text
1037;;db2;;dbclob;;postgres;;text
1038;;db2;;date;;postgres;;date
1039;;db2;;time;;postgres;;time
1040;;db2;;timestamp;;postgres;;timestamp
1041;;db2;;xml;;postgres;;xml
1043;;mysql;;tinyint;;sqlserver;;tinyint
1044;;mysql;;smallint;;sqlserver;;smallint
1045;;mysql;;mediumint;;sqlserver;;int
1046;;mysql;;int;;sqlserver;;int
1047;;mysql;;bigint;;sqlserver;;bigint
1048;;mysql;;float;;sqlserver;;float
1049;;mysql;;double;;sqlserver;;float
1050;;mysql;;decimal;;sqlserver;;decimal
1051;;mysql;;numeric;;sqlserver;;numeric
1052;;mysql;;bit;;sqlserver;;bit
1053;;mysql;;char;;sqlserver;;char
1054;;mysql;;varchar;;sqlserver;;varchar
1055;;mysql;;binary;;sqlserver;;binary
1056;;mysql;;varbinary;;sqlserver;;varbinary
1057;;mysql;;date;;sqlserver;;date
1058;;mysql;;time;;sqlserver;;time
1059;;mysql;;datetime;;sqlserver;;datetime
1060;;mysql;;timestamp;;sqlserver;;datetime
1061;;mysql;;year;;sqlserver;;smallint
1062;;mysql;;tinyint;;oracle;;number
1063;;mysql;;smallint;;oracle;;number
1064;;mysql;;mediumint;;oracle;;number
1065;;mysql;;int;;oracle;;number
1066;;mysql;;bigint;;oracle;;number
1067;;mysql;;float;;oracle;;float
1068;;mysql;;double;;oracle;;float
1069;;mysql;;decimal;;oracle;;number
1070;;mysql;;numeric;;oracle;;number
1071;;mysql;;bit;;oracle;;raw
1072;;mysql;;char;;oracle;;char
1073;;mysql;;varchar;;oracle;;varchar2
1074;;mysql;;binary;;oracle;;raw
1075;;mysql;;varbinary;;oracle;;raw
1076;;mysql;;date;;oracle;;date
1077;;mysql;;time;;oracle;;date
1078;;mysql;;datetime;;oracle;;date
1079;;mysql;;timestamp;;oracle;;date
1080;;mysql;;year;;oracle;;number
1081;;mysql;;tinyint;;db2;;smallint
1082;;mysql;;smallint;;db2;;smallint
1083;;mysql;;mediumint;;db2;;integer
1084;;mysql;;int;;db2;;integer
1085;;mysql;;bigint;;db2;;bigint
1086;;mysql;;float;;db2;;real
1087;;mysql;;double;;db2;;double precision
1088;;mysql;;decimal;;db2;;decimal
1089;;mysql;;date;;db2;;date
1090;;mysql;;datetime;;db2;;timestamp
1091;;mysql;;timestamp;;db2;;timestamp
1092;;mysql;;time;;db2;;time
1093;;mysql;;year;;db2;;smallint
1094;;mysql;;char;;db2;;char
1095;;mysql;;varchar;;db2;;varchar
1096;;mysql;;tinytext;;db2;;varchar
1097;;mysql;;text;;db2;;clob
1098;;mysql;;mediumtext;;db2;;clob
1099;;mysql;;longtext;;db2;;clob
1100;;mysql;;binary;;db2;;varbinary
1101;;mysql;;varbinary;;db2;;varbinary
1102;;mysql;;tinyblob;;db2;;varbinary
1103;;mysql;;blob;;db2;;blob
1104;;mysql;;mediumblob;;db2;;blob
1105;;sqlserver;;bit;;mysql;;bit
1106;;sqlserver;;tinyint;;mysql;;tinyint
1107;;sqlserver;;smallint;;mysql;;smallint
1108;;sqlserver;;int;;mysql;;int
1109;;sqlserver;;bigint;;mysql;;bigint
1110;;sqlserver;;numeric;;mysql;;decimal
1111;;sqlserver;;decimal;;mysql;;decimal
1112;;sqlserver;;smallmoney;;mysql;;decimal
1113;;sqlserver;;money;;mysql;;decimal
1114;;sqlserver;;float;;mysql;;double
1115;;sqlserver;;real;;mysql;;float
1116;;sqlserver;;smalldatetime;;mysql;;datetime
1117;;sqlserver;;datetime;;mysql;;datetime
1118;;sqlserver;;char;;mysql;;char
1119;;sqlserver;;varchar;;mysql;;varchar
1120;;sqlserver;;text;;mysql;;text
1121;;sqlserver;;nchar;;mysql;;char
1122;;sqlserver;;nvarchar;;mysql;;varchar
1123;;sqlserver;;ntext;;mysql;;text
1124;;sqlserver;;binary;;mysql;;binary
1125;;sqlserver;;varbinary;;mysql;;longblob
1126;;sqlserver;;image;;mysql;;blob
1127;;sqlserver;;uniqueidentifier;;mysql;;char
1128;;oracle;;char;;mysql;;char
1129;;oracle;;varchar2;;mysql;;varchar
1130;;oracle;;number;;mysql;;decimal
1131;;oracle;;date;;mysql;;date
1132;;oracle;;timestamp;;mysql;;datetime
1133;;oracle;;interval year to month;;mysql;;varchar
1134;;oracle;;interval day to second;;mysql;;varchar
1135;;oracle;;clob;;mysql;;text
1136;;oracle;;blob;;mysql;;blob
1137;;oracle;;nclob;;mysql;;text
1138;;oracle;;long raw;;mysql;;blob
1139;;oracle;;raw;;mysql;;binary
1140;;oracle;;long;;mysql;;text
1141;;oracle;;timestamp with time zone;;mysql;;datetime
1142;;oracle;;timestamp with local time zone;;mysql;;datetime
1143;;oracle;;bfile;;mysql;;varchar
1144;;oracle;;rowid;;mysql;;varchar
1145;;oracle;;urowid;;mysql;;varchar
1146;;oracle;;xmltype;;mysql;;text
1147;;db2;;smallint;;mysql;;smallint
1148;;db2;;integer;;mysql;;int
1149;;db2;;bigint;;mysql;;bigint
1150;;db2;;decimal;;mysql;;decimal
1151;;db2;;float;;mysql;;float
1152;;db2;;real;;mysql;;real
1153;;db2;;double precision;;mysql;;double
1154;;db2;;char;;mysql;;char
1155;;db2;;varchar;;mysql;;varchar
1157;;db2;;date;;mysql;;date
1158;;db2;;time;;mysql;;time
1159;;db2;;timestamp;;mysql;;timestamp
1160;;db2;;binary;;mysql;;binary
1161;;db2;;varbinary;;mysql;;longblob
1163;;db2;;clob;;mysql;;text
1164;;db2;;blob;;mysql;;longblob
1165;;db2;;boolean;;mysql;;tinyint
1166;;db2;;xml;;mysql;;longtext
1167;;bigquery;;string;;sqlserver;;varchar
1168;;bigquery;;bytes;;sqlserver;;varbinary
1169;;bigquery;;integer;;sqlserver;;int
1170;;bigquery;;float64;;sqlserver;;float
1171;;bigquery;;numeric;;sqlserver;;numeric
1172;;bigquery;;bignumeric;;sqlserver;;decimal
1173;;bigquery;;boolean;;sqlserver;;bit
1174;;bigquery;;timestamp;;sqlserver;;datetime2
1175;;bigquery;;date;;sqlserver;;date
1176;;bigquery;;time;;sqlserver;;time
1177;;bigquery;;datetime;;sqlserver;;datetime2
1180;;bigquery;;array;;sqlserver;;nvarchar
1181;;bigquery;;struct;;sqlserver;;nvarchar
1182;;bigquery;;geography;;sqlserver;;geography
1184;;sqlserver;;varchar;;bigquery;;string
1185;;sqlserver;;char;;bigquery;;string
1186;;sqlserver;;text;;bigquery;;string
1187;;sqlserver;;nchar;;bigquery;;string
1188;;sqlserver;;nvarchar;;bigquery;;string
1189;;sqlserver;;ntext;;bigquery;;string
1190;;sqlserver;;varbinary;;bigquery;;bytes
1191;;sqlserver;;binary;;bigquery;;bytes
1192;;sqlserver;;bit;;bigquery;;boolean
1193;;sqlserver;;tinyint;;bigquery;;integer
1194;;sqlserver;;smallint;;bigquery;;integer
1195;;sqlserver;;int;;bigquery;;integer
1196;;sqlserver;;bigint;;bigquery;;integer
1197;;sqlserver;;decimal;;bigquery;;numeric
1198;;sqlserver;;numeric;;bigquery;;numeric
1199;;sqlserver;;money;;bigquery;;numeric
1200;;sqlserver;;smallmoney;;bigquery;;numeric
1201;;sqlserver;;float;;bigquery;;float64
1202;;sqlserver;;real;;bigquery;;float64
1203;;sqlserver;;datetime;;bigquery;;datetime
1204;;sqlserver;;smalldatetime;;bigquery;;datetime
1205;;sqlserver;;datetime2;;bigquery;;timestamp
1206;;sqlserver;;date;;bigquery;;date
1207;;sqlserver;;time;;bigquery;;time
1208;;sqlserver;;geography;;bigquery;;geography
1209;;sqlserver;;geometry;;bigquery;;geography
1210;;oracle;;number;;bigquery;;numeric
1211;;oracle;;float;;bigquery;;float64
1212;;oracle;;binary_float;;bigquery;;float64
1213;;oracle;;binary_double;;bigquery;;float64
1214;;oracle;;date;;bigquery;;date
1215;;oracle;;timestamp;;bigquery;;timestamp
1216;;oracle;;timestamp with time zone;;bigquery;;timestamp
1217;;oracle;;timestamp with local time zone;;bigquery;;timestamp
1218;;oracle;;interval year to month;;bigquery;;interval
1219;;oracle;;interval day to second;;bigquery;;interval
1220;;oracle;;char;;bigquery;;string
1221;;oracle;;nchar;;bigquery;;string
1222;;oracle;;varchar2;;bigquery;;string
1223;;oracle;;nvarchar2;;bigquery;;string
1224;;oracle;;long;;bigquery;;string
1225;;oracle;;clob;;bigquery;;string
1226;;oracle;;nclob;;bigquery;;string
1227;;oracle;;rowid;;bigquery;;string
1228;;oracle;;urowid;;bigquery;;string
1229;;oracle;;raw;;bigquery;;bytes
1230;;oracle;;blob;;bigquery;;bytes
1231;;bigquery;;numeric;;oracle;;number
1232;;bigquery;;float64;;oracle;;float
1233;;bigquery;;date;;oracle;;date
1234;;bigquery;;timestamp;;oracle;;timestamp
1237;;bigquery;;interval;;oracle;;interval year to month
1241;;bigquery;;string;;oracle;;varchar2
1248;;bigquery;;bytes;;oracle;;raw
1250;;db2;;bigint;;bigquery;;int64
1251;;db2;;character;;bigquery;;string
1252;;db2;;char;;bigquery;;string
1253;;db2;;date;;bigquery;;date
1254;;db2;;decimal;;bigquery;;numeric
1255;;db2;;double;;bigquery;;float64
1256;;db2;;float;;bigquery;;float64
1257;;db2;;integer;;bigquery;;int64
1258;;db2;;numeric;;bigquery;;numeric
1259;;db2;;real;;bigquery;;float64
1260;;db2;;smallint;;bigquery;;int64
1261;;db2;;time;;bigquery;;time
1262;;db2;;timestamp;;bigquery;;timestamp
1263;;db2;;varchar;;bigquery;;string
1264;;db2;;varbinary;;bigquery;;bytes
1265;;db2;;blob;;bigquery;;bytes
1266;;db2;;clob;;bigquery;;string
1267;;bigquery;;bool;;db2;;smallint
1268;;bigquery;;bytes;;db2;;varbinary
1269;;bigquery;;date;;db2;;date
1270;;bigquery;;datetime;;db2;;timestamp
1271;;bigquery;;float64;;db2;;float
1272;;bigquery;;int64;;db2;;bigint
1273;;bigquery;;numeric;;db2;;decimal
1274;;bigquery;;string;;db2;;varchar
1275;;bigquery;;time;;db2;;time
1276;;bigquery;;timestamp;;db2;;timestamp
1277;;bigquery;;bool;;spanner;;bool
1278;;bigquery;;int64;;spanner;;int64
1279;;bigquery;;float64;;spanner;;float64
1280;;bigquery;;numeric;;spanner;;numeric
1281;;bigquery;;bignumeric;;spanner;;numeric
1282;;bigquery;;string;;spanner;;string
1283;;bigquery;;bytes;;spanner;;bytes
1284;;bigquery;;date;;spanner;;date
1285;;bigquery;;datetime;;spanner;;timestamp
1286;;bigquery;;time;;spanner;;timestamp
1287;;spanner;;bool;;bigquery;;bool
1288;;spanner;;int64;;bigquery;;int64
1289;;spanner;;float64;;bigquery;;float64
1290;;spanner;;numeric;;bigquery;;numeric
1292;;spanner;;string;;bigquery;;string
1293;;spanner;;bytes;;bigquery;;bytes
1294;;spanner;;date;;bigquery;;date
1295;;spanner;;timestamp;;bigquery;;datetime
1297;;spanner;;string;;sqlserver;;varchar
1298;;spanner;;bytes;;sqlserver;;varbinary
1299;;spanner;;int64;;sqlserver;;int
1300;;spanner;;float64;;sqlserver;;float
1301;;spanner;;numeric;;sqlserver;;numeric
1303;;spanner;;bool;;sqlserver;;bit
1304;;spanner;;timestamp;;sqlserver;;datetime2
1310;;spanner;;array;;sqlserver;;nvarchar
1311;;spanner;;struct;;sqlserver;;nvarchar
1314;;sqlserver;;varchar;;spanner;;string
1315;;sqlserver;;char;;spanner;;string
1316;;sqlserver;;text;;spanner;;string
1317;;sqlserver;;nchar;;spanner;;string
1318;;sqlserver;;nvarchar;;spanner;;string
1319;;sqlserver;;ntext;;spanner;;string
1320;;sqlserver;;varbinary;;spanner;;bytes
1321;;sqlserver;;binary;;spanner;;bytes
1322;;sqlserver;;bit;;spanner;;bool
1323;;sqlserver;;tinyint;;spanner;;int64
1324;;sqlserver;;smallint;;spanner;;int64
1325;;sqlserver;;int;;spanner;;int64
1326;;sqlserver;;bigint;;spanner;;int64
1327;;sqlserver;;decimal;;spanner;;numeric
1328;;sqlserver;;numeric;;spanner;;numeric
1329;;sqlserver;;money;;spanner;;numeric
1330;;sqlserver;;smallmoney;;spanner;;numeric
1331;;sqlserver;;float;;spanner;;float64
1332;;sqlserver;;real;;spanner;;float64
1333;;sqlserver;;datetime;;spanner;;timestamp
1334;;sqlserver;;smalldatetime;;spanner;;timestamp
1335;;sqlserver;;datetime2;;spanner;;timestamp
1336;;sqlserver;;date;;spanner;;timestamp
1337;;sqlserver;;time;;spanner;;timestamp
1340;;oracle;;number;;spanner;;numeric
1341;;oracle;;float;;spanner;;float64
1342;;oracle;;binary_float;;spanner;;float64
1343;;oracle;;binary_double;;spanner;;float64
1344;;oracle;;date;;spanner;;timestamp
1345;;oracle;;timestamp;;spanner;;timestamp
1346;;oracle;;timestamp with time zone;;spanner;;timestamp
1347;;oracle;;timestamp with local time zone;;spanner;;timestamp
1348;;oracle;;interval year to month;;spanner;;timestamp
1349;;oracle;;interval day to second;;spanner;;timestamp
1350;;oracle;;char;;spanner;;string
1351;;oracle;;nchar;;spanner;;string
1352;;oracle;;varchar2;;spanner;;string
1353;;oracle;;nvarchar2;;spanner;;string
1354;;oracle;;long;;spanner;;string
1355;;oracle;;clob;;spanner;;string
1356;;oracle;;nclob;;spanner;;string
1357;;oracle;;rowid;;spanner;;string
1358;;oracle;;urowid;;spanner;;string
1359;;oracle;;raw;;spanner;;bytes
1360;;oracle;;blob;;spanner;;bytes
1361;;spanner;;numeric;;oracle;;number
1362;;spanner;;float64;;oracle;;float
1364;;spanner;;timestamp;;oracle;;timestamp
1371;;spanner;;string;;oracle;;varchar2
1378;;spanner;;bytes;;oracle;;raw
1380;;db2;;bigint;;spanner;;int64
1381;;db2;;character;;spanner;;string
1382;;db2;;char;;spanner;;string
1383;;db2;;date;;spanner;;timestamp
1384;;db2;;decimal;;spanner;;numeric
1385;;db2;;double;;spanner;;float64
1386;;db2;;float;;spanner;;float64
1387;;db2;;integer;;spanner;;int64
1388;;db2;;numeric;;spanner;;numeric
1389;;db2;;real;;spanner;;float64
1390;;db2;;smallint;;spanner;;int64
1391;;db2;;time;;spanner;;timestamp
1392;;db2;;timestamp;;spanner;;timestamp
1393;;db2;;varchar;;spanner;;string
1394;;db2;;varbinary;;spanner;;bytes
1395;;db2;;blob;;spanner;;bytes
1396;;db2;;clob;;spanner;;string
1397;;spanner;;bool;;db2;;smallint
1398;;spanner;;bytes;;db2;;varbinary
1401;;spanner;;float64;;db2;;float
1402;;spanner;;int64;;db2;;bigint
1403;;spanner;;numeric;;db2;;decimal
1404;;spanner;;string;;db2;;varchar
1406;;spanner;;timestamp;;db2;;timestamp
1407;;snowflake;;number;;spanner;;numeric
1408;;snowflake;;decimal;;spanner;;numeric
1409;;snowflake;;double;;spanner;;numeric
1410;;snowflake;;double precision;;spanner;;numeric
1411;;snowflake;;real;;spanner;;numeric
1412;;snowflake;;numeric;;spanner;;numeric
1413;;snowflake;;int;;spanner;;int64
1414;;snowflake;;integer;;spanner;;int64
1415;;snowflake;;bigint;;spanner;;int64
1416;;snowflake;;smallint;;spanner;;int64
1417;;snowflake;;tinyint;;spanner;;int64
1419;;snowflake;;float;;spanner;;float64
1420;;snowflake;;float4;;spanner;;float64
1421;;snowflake;;float8;;spanner;;float64
1422;;snowflake;;varchar;;spanner;;string
1423;;snowflake;;char;;spanner;;string
1424;;snowflake;;character;;spanner;;string
1425;;snowflake;;string;;spanner;;string
1426;;snowflake;;text;;spanner;;string
1427;;snowflake;;binary;;spanner;;bytes
1428;;snowflake;;varbinary;;spanner;;bytes
1429;;snowflake;;boolean;;spanner;;bool
1430;;snowflake;;date;;spanner;;timestamp
1431;;snowflake;;datetime;;spanner;;timestamp
1432;;snowflake;;time;;spanner;;timestamp
1433;;snowflake;;timestamp;;spanner;;timestamp
1434;;snowflake;;timestampltz;;spanner;;timestamp
1435;;snowflake;;timestampntz;;spanner;;timestamp
1436;;snowflake;;timestamptz;;spanner;;timestamp
1437;;snowflake;;object;;spanner;;json
1438;;snowflake;;variant;;spanner;;json
1441;;postgres;;bigint;;spanner;;int64
1442;;postgres;;bigserial;;spanner;;int64
1443;;postgres;;cidr;;spanner;;int64
1444;;postgres;;inet;;spanner;;int64
1445;;postgres;;integer;;spanner;;int64
1446;;postgres;;smallint;;spanner;;int64
1447;;postgres;;smallserial;;spanner;;int64
1448;;postgres;;serial;;spanner;;int64
1449;;postgres;;int2;;spanner;;int64
1450;;postgres;;int4;;spanner;;int64
1451;;postgres;;year;;spanner;;int64
1452;;postgres;;bit;;spanner;;int64
1453;;postgres;;int8;;spanner;;int64
1454;;postgres;;bit varying;;spanner;;bytes
1455;;postgres;;bytea;;spanner;;bytes
1456;;postgres;;boolean;;spanner;;bool
1457;;postgres;;bool;;spanner;;bool
1458;;postgres;;character;;spanner;;string
1459;;postgres;;character varying;;spanner;;string
1460;;postgres;;macaddr;;spanner;;string
1461;;postgres;;macaddr8;;spanner;;string
1462;;postgres;;text;;spanner;;string
1463;;postgres;;varchar;;spanner;;string
1464;;postgres;;mpaa_rating;;spanner;;string
1465;;postgres;;bpchar;;spanner;;string
1466;;postgres;;jsonb;;spanner;;string
1467;;postgres;;tsquery;;spanner;;string
1468;;postgres;;tsvector;;spanner;;string
1469;;postgres;;txid_snapshot;;spanner;;string
1470;;postgres;;uuid;;spanner;;string
1471;;postgres;;xml;;spanner;;string
1472;;postgres;;date;;spanner;;timestamp
1473;;postgres;;double precision;;spanner;;float64
1474;;postgres;;money;;spanner;;float64
1475;;postgres;;real;;spanner;;float64
1476;;postgres;;float8;;spanner;;float64
1477;;postgres;;json;;spanner;;json
1478;;postgres;;interval;;spanner;;timestamp
1479;;postgres;;timestamp;;spanner;;timestamp
1480;;postgres;;timestamptz;;spanner;;timestamp
1481;;postgres;;timetz;;spanner;;timestamp
1482;;postgres;;time;;spanner;;timestamp
1483;;postgres;;numeric;;spanner;;numeric
1487;;spanner;;string;;kinetica;;string
1488;;spanner;;bool;;kinetica;;string
1491;;spanner;;int64;;kinetica;;int
1492;;spanner;;float64;;kinetica;;double
1494;;spanner;;timestamp;;kinetica;;datetime
1496;;spanner;;numeric;;kinetica;;decimal
1498;;spanner;;bytes;;kinetica;;bytes
1499;;spanner;;string;;mysql;;text
1504;;spanner;;float64;;mysql;;float
1505;;spanner;;numeric;;mysql;;numeric
1507;;spanner;;bool;;mysql;;bool
1509;;spanner;;json;;mysql;;json
1510;;spanner;;array;;mysql;;json
1511;;spanner;;timestamp;;mysql;;timestamp
1517;;spanner;;int64;;mysql;;bigint
1518;;spanner;;bytes;;mysql;;blob
1522;;spanner;;string;;postgres;;character varying
1523;;spanner;;int64;;postgres;;bigint
1526;;spanner;;timestamp;;postgres;;date
1527;;spanner;;bool;;postgres;;boolean
1530;;spanner;;bytes;;postgres;;bytea
1531;;spanner;;numeric;;postgres;;numeric
1533;;spanner;;json;;postgres;;json
1539;;spanner;;float64;;postgres;;numeric
1543;;spanner;;string;;snowflake;;string
1544;;spanner;;timestamp;;snowflake;;timestamp
1545;;spanner;;int64;;snowflake;;integer
1546;;spanner;;float64;;snowflake;;float
1547;;spanner;;array;;snowflake;;array
1550;;spanner;;bool;;snowflake;;boolean
1553;;spanner;;numeric;;snowflake;;numeric
1555;;spanner;;bytes;;snowflake;;binary
1556;;spanner;;struct;;snowflake;;object
1557;;mysql;;char;;spanner;;string
1558;;mysql;;varchar;;spanner;;string
1559;;mysql;;tinytext;;spanner;;string
1560;;mysql;;text;;spanner;;string
1561;;mysql;;mediumtext;;spanner;;string
1562;;mysql;;enum;;spanner;;string
1563;;mysql;;longtext;;spanner;;string
1564;;mysql;;tinyblob;;spanner;;bytes
1565;;mysql;;blob;;spanner;;bytes
1566;;mysql;;mediumblob;;spanner;;bytes
1567;;mysql;;binary;;spanner;;bytes
1568;;mysql;;varbinary;;spanner;;bytes
1569;;mysql;;longblob;;spanner;;bytes
1570;;mysql;;tinyint;;spanner;;int64
1571;;mysql;;bit;;spanner;;int64
1572;;mysql;;tinyint unsigned;;spanner;;int64
1573;;mysql;;bool;;spanner;;bool
1574;;mysql;;boolean;;spanner;;bool
1575;;mysql;;smallint;;spanner;;int64
1576;;mysql;;smallint unsigned;;spanner;;int64
1577;;mysql;;mediumint;;spanner;;int64
1578;;mysql;;mediumint unsigned;;spanner;;int64
1579;;mysql;;int;;spanner;;int64
1580;;mysql;;year;;spanner;;int64
1581;;mysql;;integer;;spanner;;int64
1582;;mysql;;int unsigned;;spanner;;int64
1583;;mysql;;bigint unsigned;;spanner;;int64
1584;;mysql;;bigint;;spanner;;int64
1585;;mysql;;float;;spanner;;float64
1586;;mysql;;float unsigned;;spanner;;float64
1587;;mysql;;double unsigned;;spanner;;float64
1588;;mysql;;double;;spanner;;numeric
1589;;mysql;;double precision;;spanner;;numeric
1594;;mysql;;decimal;;spanner;;numeric
1595;;mysql;;date;;spanner;;timestamp
1596;;mysql;;datetime;;spanner;;timestamp
1597;;mysql;;timestamp;;spanner;;timestamp
1598;;mysql;;time;;spanner;;timestamp
1599;;mysql;;json;;spanner;;json
1601;;kinetica;;string;;spanner;;string
1602;;kinetica;;char256;;spanner;;string
1603;;kinetica;;char128;;spanner;;string
1604;;kinetica;;char64;;spanner;;string
1605;;kinetica;;char32;;spanner;;string
1606;;kinetica;;char16;;spanner;;string
1607;;kinetica;;char8;;spanner;;string
1608;;kinetica;;char4;;spanner;;string
1609;;kinetica;;char2;;spanner;;string
1610;;kinetica;;char1;;spanner;;string
1611;;kinetica;;ipv4;;spanner;;string
1612;;kinetica;;wkt;;spanner;;string
1613;;kinetica;;uuid;;spanner;;string
1614;;kinetica;;varchar;;spanner;;string
1615;;kinetica;;bytes;;spanner;;bytes
1616;;kinetica;;int8;;spanner;;int64
1617;;kinetica;;int16;;spanner;;int64
1618;;kinetica;;int;;spanner;;int64
1619;;kinetica;;integer;;spanner;;int64
1620;;kinetica;;float;;spanner;;float64
1621;;kinetica;;double;;spanner;;numeric
1622;;kinetica;;double precision;;spanner;;numeric
1623;;kinetica;;decimal;;spanner;;numeric
1624;;kinetica;;date;;spanner;;timestamp
1625;;kinetica;;datetime;;spanner;;timestamp
1626;;kinetica;;long;;spanner;;int64
1627;;kinetica;;boolean;;spanner;;bool
1628;;kinetica;;timestamp;;spanner;;timestamp
1629;;kinetica;;time;;spanner;;timestamp
1630;;snowflake;;boolean;;oracle;;number
1631;;snowflake;;integer;;oracle;;number
1632;;snowflake;;smallint;;oracle;;number
1633;;snowflake;;bigint;;oracle;;number
1634;;snowflake;;float;;oracle;;number
1635;;snowflake;;double precision;;oracle;;number
1636;;snowflake;;decimal;;oracle;;number
1637;;snowflake;;numeric;;oracle;;number
1638;;snowflake;;date;;oracle;;date
1639;;snowflake;;time;;oracle;;date
1640;;snowflake;;timestamp;;oracle;;timestamp
1641;;snowflake;;timestamp_ntz;;oracle;;timestamp
1642;;snowflake;;timestamp_ltz;;oracle;;timestamp
1643;;snowflake;;timestamp_tz;;oracle;;timestamp with time zone
1647;;oracle;;number;;snowflake;;number
1650;;oracle;;float;;snowflake;;float
1653;;oracle;;date;;snowflake;;date
1654;;oracle;;timestamp;;snowflake;;timestamp_ntz
1655;;oracle;;timestamp with time zone;;snowflake;;timestamp_tz
1656;;oracle;;interval year to month;;snowflake;;interval
1658;;oracle;;varchar2;;snowflake;;varchar
1659;;oracle;;char;;snowflake;;char
1660;;oracle;;nchar;;snowflake;;char
1661;;oracle;;nvarchar2;;snowflake;;nvarchar
1662;;oracle;;nclob;;snowflake;;text
1663;;oracle;;clob;;snowflake;;text
1664;;oracle;;blob;;snowflake;;binary
1665;;oracle;;raw;;snowflake;;binary
1666;;oracle;;long;;snowflake;;text
1667;;oracle;;long raw;;snowflake;;binary
1668;;snowflake;;boolean;;db2;;smallint
1669;;snowflake;;date;;db2;;date
1670;;snowflake;;time;;db2;;time
1671;;snowflake;;timestamp_ntz;;db2;;timestamp
1672;;snowflake;;timestamp_ltz;;db2;;timestamp
1673;;snowflake;;timestamp_tz;;db2;;timestamp with time zone
1674;;snowflake;;binary;;db2;;blob
1675;;snowflake;;variant;;db2;;clob
1676;;snowflake;;number;;db2;;decimal
1677;;snowflake;;float;;db2;;real
1678;;snowflake;;double;;db2;;double precision
1679;;db2;;smallint;;snowflake;;boolean
1680;;db2;;int;;snowflake;;int
1681;;db2;;bigint;;snowflake;;bigint
1682;;db2;;decimal;;snowflake;;number
1683;;db2;;real;;snowflake;;float
1684;;db2;;double precision;;snowflake;;double
1685;;db2;;date;;snowflake;;date
1686;;db2;;time;;snowflake;;time
1687;;db2;;timestamp;;snowflake;;timestamp_ntz
1688;;db2;;timestamp with time zone;;snowflake;;timestamp_tz
1689;;db2;;blob;;snowflake;;binary
1690;;db2;;clob;;snowflake;;variant
1691;;snowflake;;boolean;;sqlserver;;bit
1692;;snowflake;;number;;sqlserver;;decimal
1693;;snowflake;;float;;sqlserver;;float
1694;;snowflake;;double precision;;sqlserver;;float
1695;;snowflake;;real;;sqlserver;;real
1696;;snowflake;;tinyint;;sqlserver;;tinyint
1697;;snowflake;;smallint;;sqlserver;;smallint
1699;;snowflake;;integer;;sqlserver;;int
1700;;snowflake;;bigint;;sqlserver;;bigint
1701;;snowflake;;date;;sqlserver;;date
1702;;snowflake;;time;;sqlserver;;time
1703;;snowflake;;timestamp;;sqlserver;;datetime2
1704;;snowflake;;timestamp_ltz;;sqlserver;;datetimeoffset
1705;;snowflake;;timestamp_tz;;sqlserver;;datetimeoffset
1706;;snowflake;;varchar;;sqlserver;;nvarchar
1707;;snowflake;;char;;sqlserver;;nchar
1708;;snowflake;;string;;sqlserver;;nvarchar
1709;;snowflake;;text;;sqlserver;;nvarchar
1710;;snowflake;;binary;;sqlserver;;varbinary
1711;;snowflake;;varbinary;;sqlserver;;varbinary
1712;;snowflake;;object;;sqlserver;;nvarchar
1713;;snowflake;;array;;sqlserver;;nvarchar
1714;;kinetica;;wkt;;oracle;;raw
1715;;kinetica;;bytes;;oracle;;raw
1716;;kinetica;;float;;oracle;;float
1717;;kinetica;;boolean;;oracle;;number
1718;;kinetica;;double;;oracle;;float
1719;;kinetica;;decimal;;oracle;;number
1720;;kinetica;;string;;oracle;;varchar2
1721;;kinetica;;char256;;oracle;;varchar2
1722;;kinetica;;char128;;oracle;;varchar2
1723;;kinetica;;char64;;oracle;;varchar2
1724;;kinetica;;char32;;oracle;;varchar2
1725;;kinetica;;char16;;oracle;;varchar2
1726;;kinetica;;char8;;oracle;;varchar2
1727;;kinetica;;char4;;oracle;;varchar2
1728;;kinetica;;char2;;oracle;;varchar2
1729;;kinetica;;char1;;oracle;;varchar2
1730;;kinetica;;ipv4;;oracle;;varchar2
1731;;kinetica;;time;;oracle;;date
1732;;kinetica;;long;;oracle;;number
1733;;kinetica;;ulong;;oracle;;number
1734;;kinetica;;timestamp;;oracle;;date
1735;;kinetica;;int;;oracle;;number
1736;;kinetica;;int16;;oracle;;number
1737;;kinetica;;int8;;oracle;;number
1738;;kinetica;;integer;;oracle;;number
1739;;kinetica;;varchar;;oracle;;varchar2
1740;;kinetica;;datetime;;oracle;;date
1741;;kinetica;;date;;oracle;;date
1742;;kinetica;;wkt;;sqlserver;;varbinary
1743;;kinetica;;bytes;;sqlserver;;varbinary
1744;;kinetica;;float;;sqlserver;;float
1745;;kinetica;;boolean;;sqlserver;;bit
1746;;kinetica;;double;;sqlserver;;float
1747;;kinetica;;decimal;;sqlserver;;decimal
1748;;kinetica;;string;;sqlserver;;text
1749;;kinetica;;char256;;sqlserver;;text
1750;;kinetica;;char128;;sqlserver;;text
1751;;kinetica;;char64;;sqlserver;;text
1752;;kinetica;;char32;;sqlserver;;text
1753;;kinetica;;char16;;sqlserver;;text
1754;;kinetica;;char8;;sqlserver;;text
1755;;kinetica;;char4;;sqlserver;;text
1756;;kinetica;;char2;;sqlserver;;text
1757;;kinetica;;char1;;sqlserver;;text
1758;;kinetica;;ipv4;;sqlserver;;text
1759;;kinetica;;time;;sqlserver;;time
1760;;kinetica;;long;;sqlserver;;numeric
1761;;kinetica;;ulong;;sqlserver;;numeric
1762;;kinetica;;timestamp;;sqlserver;;datetime
1763;;kinetica;;int;;sqlserver;;int
1764;;kinetica;;int16;;sqlserver;;int
1765;;kinetica;;int8;;sqlserver;;int
1766;;kinetica;;integer;;sqlserver;;int
1767;;kinetica;;varchar;;sqlserver;;text
1768;;kinetica;;datetime;;sqlserver;;datetime
1769;;kinetica;;date;;sqlserver;;date
1770;;kinetica;;wkt;;db2;;varbinary
1771;;kinetica;;bytes;;db2;;varbinary
1772;;kinetica;;float;;db2;;float
1773;;kinetica;;boolean;;db2;;int
1774;;kinetica;;double;;db2;;double
1775;;kinetica;;decimal;;db2;;decimal
1776;;kinetica;;string;;db2;;varchar
1777;;kinetica;;char256;;db2;;varchar
1778;;kinetica;;char128;;db2;;varchar
1779;;kinetica;;char64;;db2;;varchar
1780;;kinetica;;char32;;db2;;varchar
1781;;kinetica;;char16;;db2;;varchar
1782;;kinetica;;char8;;db2;;varchar
1783;;kinetica;;char4;;db2;;varchar
1784;;kinetica;;char2;;db2;;varchar
1785;;kinetica;;char1;;db2;;varchar
1786;;kinetica;;ipv4;;db2;;varchar
1787;;kinetica;;time;;db2;;time
1788;;kinetica;;long;;db2;;numeric
1789;;kinetica;;ulong;;db2;;numeric
1790;;kinetica;;timestamp;;db2;;timestamp
1791;;kinetica;;int;;db2;;int
1792;;kinetica;;int16;;db2;;int
1793;;kinetica;;int8;;db2;;int
1794;;kinetica;;integer;;db2;;int
1795;;kinetica;;varchar;;db2;;varchar
1796;;kinetica;;datetime;;db2;;timestamp
1797;;kinetica;;date;;db2;;timestamp
1798;;oracle;;number;;kinetica;;int
1799;;oracle;;float;;kinetica;;float
1800;;oracle;;binary_float;;kinetica;;float
1801;;oracle;;binary_double;;kinetica;;double
1802;;oracle;;long;;kinetica;;long
1803;;oracle;;urowid;;kinetica;;string
1804;;oracle;;char;;kinetica;;char
1805;;oracle;;varchar2;;kinetica;;varchar
1806;;oracle;;nchar;;kinetica;;string
1807;;oracle;;nvarchar2;;kinetica;;varchar
1808;;oracle;;clob;;kinetica;;string
1809;;oracle;;nclob;;kinetica;;string
1810;;oracle;;xmltype;;kinetica;;string
1811;;oracle;;date;;kinetica;;date
1812;;oracle;;timestamp;;kinetica;;datetime
1813;;oracle;;interval year to month;;kinetica;;datetime
1814;;oracle;;interval day to second;;kinetica;;datetime
1815;;oracle;;rowid;;kinetica;;string
1816;;oracle;;blob;;kinetica;;blob
1817;;oracle;;bfile;;kinetica;;binary
1818;;oracle;;long raw;;kinetica;;blob
1819;;db2;;character;;kinetica;;char
1820;;db2;;varchar;;kinetica;;varchar
1821;;db2;;clob;;kinetica;;string
1822;;db2;;graphic;;kinetica;;string
1823;;db2;;vargraphic;;kinetica;;string
1824;;db2;;dbclob;;kinetica;;string
1825;;db2;;binary;;kinetica;;binary
1826;;db2;;varbinary;;kinetica;;varbinary
1827;;db2;;blob;;kinetica;;blob
1828;;db2;;smallint;;kinetica;;int8
1829;;db2;;integer;;kinetica;;int
1830;;db2;;int;;kinetica;;int8
1831;;db2;;bigint;;kinetica;;long
1832;;db2;;decimal;;kinetica;;decimal
1833;;db2;;numeric;;kinetica;;decimal
1834;;db2;;decfloat;;kinetica;;float
1835;;db2;;real;;kinetica;;float
1836;;db2;;double;;kinetica;;double
1837;;db2;;date;;kinetica;;date
1838;;db2;;time;;kinetica;;datetime
1839;;db2;;timestamp;;kinetica;;timestamp
1840;;sqlserver;;bigint;;kinetica;;long
1841;;sqlserver;;bit;;kinetica;;boolean
1842;;sqlserver;;decimal;;kinetica;;decimal
1843;;sqlserver;;int;;kinetica;;int
1844;;sqlserver;;money;;kinetica;;decimal
1845;;sqlserver;;numeric;;kinetica;;decimal
1846;;sqlserver;;smallint;;kinetica;;int8
1847;;sqlserver;;smallmoney;;kinetica;;decimal
1848;;sqlserver;;tinyint;;kinetica;;tinyint
1849;;sqlserver;;float;;kinetica;;float
1850;;sqlserver;;real;;kinetica;;float
1851;;sqlserver;;date;;kinetica;;date
1852;;sqlserver;;datetime2;;kinetica;;datetime
1853;;sqlserver;;datetime;;kinetica;;datetime
1854;;sqlserver;;datetimeoffset;;kinetica;;datetime
1855;;sqlserver;;smalldatetime;;kinetica;;datetime
1856;;sqlserver;;time;;kinetica;;time
1857;;sqlserver;;char;;kinetica;;char
1858;;sqlserver;;text;;kinetica;;string
1859;;sqlserver;;varchar;;kinetica;;varchar
1860;;sqlserver;;nchar;;kinetica;;char
1861;;sqlserver;;ntext;;kinetica;;string
1862;;sqlserver;;nvarchar;;kinetica;;varchar
1863;;sqlserver;;binary;;kinetica;;binary
1864;;sqlserver;;image;;kinetica;;bytes
1865;;sqlserver;;varbinary;;kinetica;;varbinary
1866;;sqlserver;;cursor;;kinetica;;varchar
1867;;sqlserver;;hierarchyid;;kinetica;;varbinary
1868;;sqlserver;;sql_variant;;kinetica;;varchar
1869;;mysql;;bigint unsigned;;db2;;bigint
1870;;mysql;;bigint unsigned;;oracle;;number
1871;;mysql;;bigint unsigned;;sqlserver;;bigint
1872;;mysql;;bit;;db2;;smallint
1873;;mysql;;blob;;oracle;;blob
1874;;mysql;;blob;;sqlserver;;varbinary
1875;;mysql;;bool;;db2;;char
1876;;mysql;;bool;;oracle;;char
1877;;mysql;;bool;;sqlserver;;bit
1878;;mysql;;boolean;;db2;;char
1879;;mysql;;boolean;;oracle;;char
1880;;mysql;;boolean;;sqlserver;;bit
1881;;mysql;;dec;;bigquery;;decimal
1882;;mysql;;dec;;kinetica;;decimal
1883;;mysql;;dec;;oracle;;number
1884;;mysql;;dec;;postgres;;decimal
1885;;mysql;;dec;;spanner;;numeric
1886;;mysql;;double precision;;db2;;double
1887;;mysql;;double precision;;oracle;;float
1888;;mysql;;double precision;;sqlserver;;float
1889;;mysql;;double unsigned;;db2;;double
1890;;mysql;;double unsigned;;oracle;;float
1891;;mysql;;double unsigned;;sqlserver;;float
1892;;mysql;;enum;;db2;;varchar
1893;;mysql;;enum;;oracle;;varchar2
1894;;mysql;;enum;;postgres;;text
1895;;mysql;;enum;;sqlserver;;text
1896;;mysql;;float unsigned;;db2;;float
1897;;mysql;;float unsigned;;oracle;;float
1898;;mysql;;float unsigned;;sqlserver;;float
1899;;mysql;;geometry;;db2;;varchar
1900;;mysql;;geometry;;oracle;;varchar2
1901;;mysql;;geometry;;postgres;;text
1902;;mysql;;geometry;;sqlserver;;geography
1903;;mysql;;int unsigned;;db2;;int
1904;;mysql;;int unsigned;;oracle;;number
1905;;mysql;;int unsigned;;sqlserver;;int
1906;;mysql;;integer;;db2;;integer
1907;;mysql;;integer;;oracle;;number
1908;;mysql;;integer;;sqlserver;;int
1909;;mysql;;json;;db2;;clob
1910;;mysql;;json;;kinetica;;string
1911;;mysql;;json;;oracle;;clob
1912;;mysql;;linestring;;sqlserver;;geography
1913;;mysql;;longblob;;db2;;blob
1914;;mysql;;longblob;;kinetica;;bytes
1915;;mysql;;longblob;;oracle;;blob
1916;;mysql;;longblob;;sqlserver;;varbinary
1917;;mysql;;longtext;;oracle;;varchar2
1918;;mysql;;longtext;;sqlserver;;text
1919;;mysql;;mediumblob;;oracle;;blob
1920;;mysql;;mediumblob;;sqlserver;;varbinary
1921;;mysql;;mediumint unsigned;;db2;;int
1922;;mysql;;mediumint unsigned;;oracle;;number
1923;;mysql;;mediumint unsigned;;sqlserver;;int
1924;;mysql;;mediumtext;;oracle;;varchar2
1925;;mysql;;mediumtext;;sqlserver;;text
1926;;mysql;;numeric;;bigquery;;numeric
1927;;mysql;;numeric;;db2;;numeric
1928;;mysql;;numeric;;kinetica;;decimal
1929;;mysql;;numeric;;postgres;;numeric
1930;;mysql;;numeric;;snowflake;;numeric
1931;;mysql;;numeric;;spanner;;numeric
1932;;mysql;;point;;sqlserver;;geography
1933;;mysql;;polygon;;sqlserver;;geography
1934;;mysql;;set;;bigquery;;string
1935;;mysql;;set;;db2;;varchar
1936;;mysql;;set;;oracle;;varchar2
1937;;mysql;;set;;postgres;;text
1938;;mysql;;set;;spanner;;string
1939;;mysql;;set;;sqlserver;;text
1940;;mysql;;smallint unsigned;;db2;;smallint
1941;;mysql;;smallint unsigned;;oracle;;number
1942;;mysql;;smallint unsigned;;sqlserver;;smallint
1943;;mysql;;text;;oracle;;varchar2
1944;;mysql;;text;;sqlserver;;text
1945;;mysql;;tinyblob;;oracle;;blob
1946;;mysql;;tinyblob;;sqlserver;;varbinary
1947;;mysql;;tinyint unsigned;;db2;;smallint
1948;;mysql;;tinyint unsigned;;oracle;;number
1949;;mysql;;tinyint unsigned;;sqlserver;;tinyint
1950;;mysql;;tinyint;;postgres;;smallint
1951;;mysql;;tinytext;;oracle;;varchar2
1952;;mysql;;tinytext;;sqlserver;;text
1953;;sqlserver;;rowversion;;kinetica;;int
1954;;postgres;;bigint;;snowflake;;bigint
1955;;postgres;;bit varying;;db2;;varbinary
1956;;postgres;;bit varying;;oracle;;raw
1957;;postgres;;bit varying;;snowflake;;binary
1958;;postgres;;bit varying;;sqlserver;;varbinary
1959;;postgres;;bit;;db2;;blob
1960;;postgres;;bit;;oracle;;raw
1961;;postgres;;bit;;sqlserver;;bit
1962;;postgres;;bool;;db2;;smallint
1963;;postgres;;bool;;oracle;;number
1964;;postgres;;bool;;sqlserver;;bit
1965;;postgres;;boolean;;snowflake;;boolean
1966;;postgres;;box;;bigquery;;geography
1967;;postgres;;box;;kinetica;;geometry
1968;;postgres;;bpchar;;db2;;varchar
1969;;postgres;;bpchar;;oracle;;varchar2
1970;;postgres;;bpchar;;sqlserver;;varchar
1971;;postgres;;char;;bigquery;;string
1972;;postgres;;char;;kinetica;;char
1973;;postgres;;char;;mysql;;char
1974;;postgres;;char;;snowflake;;char
1975;;postgres;;char;;spanner;;string
1976;;postgres;;character varying;;db2;;varchar
1977;;postgres;;character varying;;oracle;;varchar2
1978;;postgres;;character varying;;sqlserver;;varchar
1979;;postgres;;character;;db2;;char
1980;;postgres;;character;;oracle;;char
1981;;postgres;;character;;sqlserver;;char
1982;;postgres;;cidr;;db2;;varchar
1983;;postgres;;cidr;;oracle;;varchar2
1984;;postgres;;cidr;;sqlserver;;text
1985;;postgres;;circle;;bigquery;;geography
1986;;postgres;;circle;;kinetica;;geometry
1987;;postgres;;decimal;;bigquery;;bigdecimal
1988;;postgres;;decimal;;mysql;;decimal
1989;;postgres;;decimal;;snowflake;;decimal
1990;;postgres;;decimal;;spanner;;numeric
1991;;postgres;;float4;;bigquery;;float64
1992;;postgres;;float4;;db2;;real
1993;;postgres;;float4;;kinetica;;float
1994;;postgres;;float4;;mysql;;float
1995;;postgres;;float4;;oracle;;number
1996;;postgres;;float4;;spanner;;float64
1997;;postgres;;float4;;sqlserver;;float
1998;;postgres;;float8;;db2;;float
1999;;postgres;;float8;;oracle;;float
2000;;postgres;;float8;;sqlserver;;float
2001;;postgres;;inet;;db2;;varchar
2002;;postgres;;inet;;oracle;;varchar2
2003;;postgres;;inet;;snowflake;;text
2004;;postgres;;inet;;sqlserver;;text
2005;;postgres;;int2;;db2;;integer
2006;;postgres;;int2;;oracle;;number
2007;;postgres;;int2;;sqlserver;;int
2008;;postgres;;int4;;db2;;int
2009;;postgres;;int4;;oracle;;number
2010;;postgres;;int4;;sqlserver;;int
2011;;postgres;;int8;;db2;;int
2012;;postgres;;int8;;oracle;;number
2013;;postgres;;int8;;sqlserver;;int
2014;;postgres;;int;;bigquery;;int
2015;;postgres;;int;;db2;;int
2016;;postgres;;int;;mysql;;int
2017;;postgres;;int;;oracle;;number
2018;;postgres;;int;;snowflake;;integer
2019;;postgres;;int;;spanner;;int64
2020;;postgres;;int;;sqlserver;;int
2021;;postgres;;integer;;snowflake;;integer
2022;;postgres;;interval;;db2;;timestamp
2023;;postgres;;interval;;sqlserver;;datetime2
2024;;postgres;;json;;sqlserver;;text
2025;;postgres;;jsonb;;sqlserver;;text
2026;;postgres;;line;;bigquery;;geography
2027;;postgres;;line;;kinetica;;geometry
2028;;postgres;;lseg;;bigquery;;geography
2029;;postgres;;lseg;;kinetica;;geometry
2030;;postgres;;macaddr8;;db2;;varchar
2031;;postgres;;macaddr8;;oracle;;varchar2
2032;;postgres;;macaddr8;;sqlserver;;text
2033;;postgres;;macaddr;;db2;;varchar
2034;;postgres;;macaddr;;oracle;;varchar2
2035;;postgres;;macaddr;;sqlserver;;text
2036;;postgres;;money;;db2;;float
2037;;postgres;;money;;oracle;;number
2038;;postgres;;money;;sqlserver;;float
2039;;postgres;;mpaa_rating;;db2;;varchar
2040;;postgres;;mpaa_rating;;mysql;;text
2041;;postgres;;mpaa_rating;;oracle;;varchar2
2042;;postgres;;mpaa_rating;;sqlserver;;text
2043;;postgres;;path;;bigquery;;geography
2044;;postgres;;path;;kinetica;;geometry
2045;;postgres;;point;;bigquery;;geography
2046;;postgres;;polygon;;bigquery;;geography
2047;;postgres;;polygon;;kinetica;;geometry
2048;;postgres;;smallint;;snowflake;;smallint
2049;;postgres;;timestamptz;;db2;;timestamp
2050;;postgres;;timestamptz;;kinetica;;timestamp
2051;;postgres;;timestamptz;;mysql;;timestamp
2052;;postgres;;timestamptz;;oracle;;timestamp
2053;;postgres;;timestamptz;;sqlserver;;datetime2
2054;;postgres;;timetz;;db2;;time
2055;;postgres;;timetz;;kinetica;;time
2056;;postgres;;timetz;;mysql;;time
2058;;postgres;;timetz;;oracle;;timestamp
2059;;postgres;;timetz;;sqlserver;;time
2060;;postgres;;tsquery;;db2;;varchar
2061;;postgres;;tsquery;;kinetica;;string
2062;;postgres;;tsquery;;oracle;;varchar2
2063;;postgres;;tsquery;;sqlserver;;varchar
2064;;postgres;;tsvector;;db2;;varchar
2065;;postgres;;tsvector;;oracle;;varchar2
2066;;postgres;;tsvector;;sqlserver;;varchar
2067;;postgres;;txid_snapshot;;db2;;varchar
2068;;postgres;;txid_snapshot;;oracle;;varchar2
2069;;postgres;;txid_snapshot;;sqlserver;;varchar
2070;;postgres;;varbit;;bigquery;;bytes
2071;;postgres;;varbit;;kinetica;;bytes
2072;;postgres;;varbit;;mysql;;longblob
2073;;postgres;;varbit;;spanner;;bytes
2074;;postgres;;varbit;;sqlserver;;varbinary
2075;;postgres;;xml;;kinetica;;string
2076;;postgres;;year;;db2;;integer
2077;;postgres;;year;;mysql;;integer
2078;;postgres;;year;;oracle;;number
2079;;postgres;;year;;sqlserver;;int
2080;;sqlserver;;bigint;;oracle;;number
2081;;sqlserver;;binary;;oracle;;blob
2082;;sqlserver;;bit;;oracle;;number
2083;;sqlserver;;char;;oracle;;char
2084;;sqlserver;;cursor;;bigquery;;string
2085;;sqlserver;;cursor;;mysql;;text
2086;;sqlserver;;cursor;;oracle;;varchar2
2087;;sqlserver;;cursor;;postgres;;text
2088;;sqlserver;;cursor;;spanner;;string
2089;;sqlserver;;date;;mysql;;date
2090;;sqlserver;;date;;oracle;;date
2091;;sqlserver;;datetime2;;mysql;;datetime
2092;;sqlserver;;datetime2;;oracle;;timestamp
2093;;sqlserver;;datetime;;db2;;timestamp
2094;;sqlserver;;datetime;;oracle;;timestamp
2095;;sqlserver;;datetimeoffset;;bigquery;;datetime
2096;;sqlserver;;datetimeoffset;;mysql;;datetime
2097;;sqlserver;;datetimeoffset;;oracle;;timestamp
2098;;sqlserver;;datetimeoffset;;spanner;;timestamp
2099;;sqlserver;;decimal;;oracle;;number
2100;;sqlserver;;float;;oracle;;float
2101;;sqlserver;;geography;;mysql;;geometry
2102;;sqlserver;;geometry;;kinetica;;geography
2103;;sqlserver;;geometry;;mysql;;geometry
2104;;sqlserver;;hierarchyid;;bigquery;;bytes
2105;;sqlserver;;hierarchyid;;mysql;;longblob
2106;;sqlserver;;hierarchyid;;postgres;;bytea
2107;;sqlserver;;hierarchyid;;spanner;;bytes
2108;;sqlserver;;image;;bigquery;;bytes
2109;;sqlserver;;image;;oracle;;blob
2110;;sqlserver;;image;;spanner;;bytes
2111;;sqlserver;;int identity;;bigquery;;int
2112;;sqlserver;;int identity;;kinetica;;int
2113;;sqlserver;;int identity;;mysql;;int
2114;;sqlserver;;int identity;;postgres;;integer
2115;;sqlserver;;int identity;;spanner;;int64
2116;;sqlserver;;int;;oracle;;number
2117;;sqlserver;;money;;oracle;;number
2118;;sqlserver;;money;;postgres;;numeric
2119;;sqlserver;;nchar;;oracle;;varchar2
2120;;sqlserver;;ntext;;oracle;;varchar2
2121;;sqlserver;;numeric;;oracle;;number
2122;;sqlserver;;nvarchar;;oracle;;varchar2
2123;;sqlserver;;real;;oracle;;float
2124;;sqlserver;;rowversion;;bigquery;;int
2125;;sqlserver;;rowversion;;mysql;;int
2126;;sqlserver;;rowversion;;oracle;;number
2127;;sqlserver;;rowversion;;postgres;;integer
2128;;sqlserver;;rowversion;;spanner;;int64
2129;;sqlserver;;smalldatetime;;oracle;;timestamp
2130;;sqlserver;;smallint;;oracle;;number
2131;;sqlserver;;smallmoney;;oracle;;number
2132;;sqlserver;;smallmoney;;postgres;;numeric
2133;;sqlserver;;sql_variant;;bigquery;;string
2134;;sqlserver;;sql_variant;;mysql;;text
2135;;sqlserver;;sql_variant;;oracle;;varchar2
2136;;sqlserver;;sql_variant;;postgres;;text
2137;;sqlserver;;sql_variant;;spanner;;string
2138;;sqlserver;;table;;bigquery;;string
2139;;sqlserver;;table;;kinetica;;string
2140;;sqlserver;;table;;mysql;;text
2141;;sqlserver;;table;;oracle;;clob
2142;;sqlserver;;table;;postgres;;text
2143;;sqlserver;;table;;spanner;;string
2144;;sqlserver;;text;;oracle;;varchar2
2145;;sqlserver;;time;;mysql;;time
2146;;sqlserver;;time;;oracle;;timestamp
2147;;sqlserver;;timestamp;;bigquery;;timestamp
2148;;sqlserver;;timestamp;;db2;;timestamp
2149;;sqlserver;;timestamp;;kinetica;;datetime
2150;;sqlserver;;timestamp;;mysql;;timestamp
2151;;sqlserver;;timestamp;;oracle;;timestamp
2152;;sqlserver;;timestamp;;snowflake;;timestamp
2153;;sqlserver;;timestamp;;spanner;;timestamp
2154;;sqlserver;;tinyint;;oracle;;number
2155;;sqlserver;;uniqueidentifier;;bigquery;;string
2156;;sqlserver;;uniqueidentifier;;db2;;varchar
2157;;sqlserver;;uniqueidentifier;;kinetica;;string
2158;;sqlserver;;uniqueidentifier;;oracle;;raw
2159;;sqlserver;;uniqueidentifier;;spanner;;string
2160;;sqlserver;;varbinary;;oracle;;blob
2161;;sqlserver;;varchar;;oracle;;varchar2
2162;;sqlserver;;xml;;bigquery;;string
2164;;sqlserver;;xml;;mysql;;longtext
2165;;sqlserver;;xml;;oracle;;xmltype
2166;;sqlserver;;xml;;spanner;;string
2167;;oracle;;bfile;;bigquery;;string
2168;;oracle;;bfile;;postgres;;text
2169;;oracle;;bfile;;snowflake;;varchar
2170;;oracle;;bfile;;spanner;;string
2171;;oracle;;bfile;;sqlserver;;varchar
2172;;oracle;;binary_double;;mysql;;double
2173;;oracle;;binary_double;;snowflake;;double
2174;;oracle;;binary_double;;sqlserver;;float
2175;;oracle;;binary_float;;mysql;;float
2176;;oracle;;binary_float;;snowflake;;float
2177;;oracle;;binary_float;;sqlserver;;float
2178;;oracle;;blob;;sqlserver;;varbinary
2179;;oracle;;char;;sqlserver;;char
2180;;oracle;;clob;;sqlserver;;varchar
2181;;oracle;;date;;sqlserver;;date
2182;;oracle;;float;;mysql;;float
2183;;oracle;;float;;postgres;;numeric
2184;;oracle;;float;;sqlserver;;float
2185;;oracle;;interval day to second;;snowflake;;datetime
2186;;oracle;;interval day to second;;sqlserver;;datetime
2187;;oracle;;interval year to month;;sqlserver;;datetime
2188;;oracle;;json;;bigquery;;json
2189;;oracle;;json;;db2;;clob
2190;;oracle;;json;;kinetica;;string
2191;;oracle;;json;;mysql;;json
2192;;oracle;;json;;snowflake;;variant
2193;;oracle;;json;;spanner;;json
2194;;oracle;;long raw;;bigquery;;bytes
2195;;oracle;;long raw;;spanner;;bytes
2196;;oracle;;long raw;;sqlserver;;varbinary
2197;;oracle;;long;;sqlserver;;numeric
2198;;oracle;;nchar;;mysql;;text
2199;;oracle;;nchar;;sqlserver;;nchar
2200;;oracle;;nclob;;sqlserver;;nvarchar
2201;;oracle;;number;;sqlserver;;numeric
2202;;oracle;;nvarchar2;;mysql;;varchar
2203;;oracle;;nvarchar2;;sqlserver;;varchar
2204;;oracle;;raw;;db2;;varbinary
2205;;oracle;;raw;;kinetica;;bytes
2206;;oracle;;raw;;sqlserver;;varbinary
2207;;oracle;;rowid;;postgres;;text
2208;;oracle;;rowid;;snowflake;;text
2209;;oracle;;rowid;;sqlserver;;text
2210;;oracle;;timestamp with local time zone;;db2;;timestamp
2211;;oracle;;timestamp with local time zone;;kinetica;;timestamp
2212;;oracle;;timestamp with local time zone;;snowflake;;timestamp
2213;;oracle;;timestamp with local time zone;;sqlserver;;datetime
2214;;oracle;;timestamp with time zone;;db2;;timestamp with time zone
2215;;oracle;;timestamp with time zone;;kinetica;;timestamp
2216;;oracle;;timestamp with time zone;;sqlserver;;datetime
2217;;oracle;;timestamp;;sqlserver;;datetime
2218;;oracle;;urowid;;postgres;;text
2219;;oracle;;urowid;;snowflake;;text
2220;;oracle;;urowid;;sqlserver;;text
2221;;oracle;;varchar2;;sqlserver;;text
2222;;oracle;;xmltype;;bigquery;;string
2223;;oracle;;xmltype;;snowflake;;text
2224;;oracle;;xmltype;;spanner;;string
2226;;oracle;;xmltype;;sqlserver;;xml
2227;;bigquery;;array;;db2;;varchar
2228;;bigquery;;array;;kinetica;;varchar
2229;;bigquery;;array;;postgres;;varchar
2230;;bigquery;;array;;spanner;;string
2231;;bigquery;;bigdecimal;;db2;;varchar
2232;;bigquery;;bigdecimal;;kinetica;;string
2233;;bigquery;;bigdecimal;;oracle;;varchar2
2234;;bigquery;;bigdecimal;;postgres;;character varying
2235;;bigquery;;bigdecimal;;snowflake;;varchar
2236;;bigquery;;bigdecimal;;spanner;;string
2237;;bigquery;;bigdecimal;;sqlserver;;varchar
2238;;bigquery;;bigint;;db2;;bigint
2239;;bigquery;;bigint;;kinetica;;long
2240;;bigquery;;bigint;;oracle;;number
2241;;bigquery;;bigint;;snowflake;;bigint
2242;;bigquery;;bigint;;spanner;;int64
2243;;bigquery;;bigint;;sqlserver;;bigint
2244;;bigquery;;bignumeric;;db2;;decimal
2245;;bigquery;;bignumeric;;oracle;;number
2246;;bigquery;;bool;;oracle;;char
2247;;bigquery;;bool;;snowflake;;boolean
2248;;bigquery;;bool;;sqlserver;;bit
2249;;bigquery;;boolean;;db2;;char
2250;;bigquery;;boolean;;oracle;;char
2251;;bigquery;;boolean;;spanner;;bool
2252;;bigquery;;byteint;;db2;;smallint
2253;;bigquery;;byteint;;kinetica;;int8
2254;;bigquery;;byteint;;oracle;;number
2255;;bigquery;;byteint;;snowflake;;tinyint
2256;;bigquery;;byteint;;spanner;;int64
2257;;bigquery;;byteint;;sqlserver;;smallint
2258;;bigquery;;datetime;;oracle;;timestamp
2259;;bigquery;;decimal;;db2;;decimal
2260;;bigquery;;decimal;;kinetica;;decimal
2261;;bigquery;;decimal;;oracle;;number
2262;;bigquery;;decimal;;snowflake;;decimal
2263;;bigquery;;decimal;;spanner;;numeric
2264;;bigquery;;decimal;;sqlserver;;decimal
2265;;bigquery;;geography;;kinetica;;string
2266;;bigquery;;int64;;oracle;;number
2267;;bigquery;;int64;;sqlserver;;bigint
2268;;bigquery;;int;;db2;;integer
2269;;bigquery;;int;;kinetica;;int
2270;;bigquery;;int;;mysql;;int
2271;;bigquery;;int;;oracle;;number
2272;;bigquery;;int;;spanner;;int64
2273;;bigquery;;int;;sqlserver;;int
2274;;bigquery;;integer;;db2;;integer
2275;;bigquery;;integer;;kinetica;;int
2276;;bigquery;;integer;;oracle;;number
2277;;bigquery;;integer;;snowflake;;integer
2278;;bigquery;;integer;;spanner;;int64
2279;;bigquery;;interval;;db2;;timestamp
2280;;bigquery;;interval;;kinetica;;datetime
2281;;bigquery;;interval;;snowflake;;timestamp
2282;;bigquery;;interval;;spanner;;timestamp
2283;;bigquery;;interval;;sqlserver;;datetime
2284;;bigquery;;json;;db2;;clob
2285;;bigquery;;json;;kinetica;;string
2286;;bigquery;;json;;oracle;;clob
2287;;bigquery;;json;;snowflake;;variant
2288;;bigquery;;json;;spanner;;json
2289;;bigquery;;smallint;;db2;;smallint
2290;;bigquery;;smallint;;kinetica;;int16
2291;;bigquery;;smallint;;oracle;;number
2292;;bigquery;;smallint;;postgres;;smallint
2293;;bigquery;;smallint;;snowflake;;smallint
2294;;bigquery;;smallint;;spanner;;int64
2295;;bigquery;;smallint;;sqlserver;;smallint
2296;;bigquery;;struct;;db2;;varchar
2297;;bigquery;;struct;;kinetica;;varchar
2298;;bigquery;;struct;;mysql;;varchar
2299;;bigquery;;struct;;postgres;;varchar
2300;;bigquery;;struct;;spanner;;string
2301;;bigquery;;time;;oracle;;timestamp
2302;;bigquery;;timestamp;;spanner;;timestamp
2303;;bigquery;;tinyint;;db2;;smallint
2305;;bigquery;;tinyint;;kinetica;;int8
2306;;bigquery;;tinyint;;oracle;;number
2307;;bigquery;;tinyint;;snowflake;;tinyint
2308;;bigquery;;tinyint;;spanner;;int64
2309;;bigquery;;tinyint;;sqlserver;;tinyint
2310;;spanner;;array;;bigquery;;string
2311;;spanner;;array;;db2;;varchar
2312;;spanner;;array;;kinetica;;varchar
2313;;spanner;;array;;postgres;;varchar
2314;;spanner;;bool;;oracle;;char
2315;;spanner;;date;;db2;;date
2316;;spanner;;date;;kinetica;;date
2317;;spanner;;date;;mysql;;date
2318;;spanner;;date;;oracle;;date
2319;;spanner;;date;;postgres;;date
2320;;spanner;;date;;snowflake;;date
2321;;spanner;;date;;sqlserver;;date
2322;;spanner;;int64;;oracle;;number
2323;;spanner;;json;;bigquery;;json
2324;;spanner;;json;;db2;;clob
2325;;spanner;;json;;kinetica;;string
2326;;spanner;;json;;oracle;;clob
2327;;spanner;;json;;snowflake;;variant
2328;;spanner;;struct;;bigquery;;string
2329;;spanner;;struct;;db2;;varchar
2330;;spanner;;struct;;kinetica;;varchar
2332;;spanner;;struct;;mysql;;varchar
2333;;spanner;;struct;;postgres;;varchar
2334;;db2;;binary;;bigquery;;bytes
2335;;db2;;binary;;oracle;;raw
2336;;db2;;binary;;postgres;;bytea
2337;;db2;;binary;;snowflake;;binary
2338;;db2;;binary;;spanner;;bytes
2339;;db2;;blob;;sqlserver;;varbinary
2340;;db2;;boolean;;bigquery;;bool
2341;;db2;;boolean;;kinetica;;boolean
2342;;db2;;boolean;;oracle;;char
2343;;db2;;boolean;;snowflake;;boolean
2344;;db2;;boolean;;spanner;;bool
2345;;db2;;boolean;;sqlserver;;bit
2346;;db2;;char;;kinetica;;string
2347;;db2;;char;;oracle;;char
2348;;db2;;char;;snowflake;;char
2349;;db2;;char;;sqlserver;;char
2350;;db2;;character;;mysql;;char
2351;;db2;;character;;postgres;;char
2352;;db2;;character;;snowflake;;char
2353;;db2;;dbclob;;bigquery;;string
2354;;db2;;dbclob;;mysql;;text
2355;;db2;;dbclob;;oracle;;clob
2356;;db2;;dbclob;;snowflake;;text
2357;;db2;;dbclob;;spanner;;string
2358;;db2;;dbclob;;sqlserver;;text
2359;;db2;;decfloat;;bigquery;;float64
2360;;db2;;decfloat;;mysql;;float
2361;;db2;;decfloat;;postgres;;real
2362;;db2;;decfloat;;snowflake;;float
2363;;db2;;decfloat;;spanner;;float64
2364;;db2;;double precision;;bigquery;;decimal
2365;;db2;;double precision;;kinetica;;double
2366;;db2;;double precision;;oracle;;float
2367;;db2;;double precision;;postgres;;double precision
2368;;db2;;double precision;;spanner;;numeric
2369;;db2;;double precision;;sqlserver;;float
2370;;db2;;double;;mysql;;double
2371;;db2;;double;;snowflake;;double
2372;;db2;;float;;kinetica;;float
2373;;db2;;float;;oracle;;float
2374;;db2;;float;;snowflake;;float
2375;;db2;;float;;sqlserver;;float
2376;;db2;;graphic;;bigquery;;string
2377;;db2;;graphic;;mysql;;text
2378;;db2;;graphic;;snowflake;;text
2379;;db2;;graphic;;spanner;;string
2380;;db2;;int;;bigquery;;int
2381;;db2;;int;;mysql;;int
2382;;db2;;int;;postgres;;integer
2383;;db2;;int;;spanner;;int64
2384;;db2;;integer;;snowflake;;integer
2385;;db2;;numeric;;mysql;;numeric
2386;;db2;;numeric;;snowflake;;numeric
2387;;db2;;timestamp with time zone;;oracle;;timestamp with time zone
2388;;db2;;timestamp with time zone;;sqlserver;;datetimeoffset
2389;;db2;;varbinary;;oracle;;raw
2390;;db2;;varbinary;;postgres;;bytea
2391;;db2;;varbinary;;snowflake;;varbinary
2392;;db2;;varchar;;snowflake;;varchar
2393;;db2;;vargraphic;;bigquery;;string
2394;;db2;;vargraphic;;mysql;;text
2395;;db2;;vargraphic;;snowflake;;text
2396;;db2;;vargraphic;;spanner;;string
2397;;db2;;xml;;bigquery;;string
2398;;db2;;xml;;kinetica;;string
2399;;db2;;xml;;snowflake;;text
2400;;db2;;xml;;spanner;;string
2401;;kinetica;;double precision;;db2;;decimal
2402;;kinetica;;double precision;;mysql;;decimal
2403;;kinetica;;double precision;;oracle;;number
2404;;kinetica;;double precision;;postgres;;decimal
2405;;kinetica;;double precision;;snowflake;;numeric
2406;;kinetica;;double precision;;sqlserver;;numeric
2407;;kinetica;;geometry;;mysql;;polygon
2408;;kinetica;;geometry;;snowflake;;geography
2409;;kinetica;;ulong;;bigquery;;numeric
2410;;kinetica;;ulong;;snowflake;;numeric
2411;;kinetica;;ulong;;spanner;;numeric
2412;;kinetica;;uuid;;db2;;varchar
2413;;kinetica;;uuid;;mysql;;text
2414;;kinetica;;uuid;;oracle;;varchar2
2415;;kinetica;;uuid;;sqlserver;;varchar
2416;;kinetica;;wkt;;postgres;;bytea
2417;;kinetica;;wkt;;snowflake;;binary
2418;;snowflake;;array;;bigquery;;string
2419;;snowflake;;array;;db2;;varchar
2420;;snowflake;;array;;kinetica;;varchar
2421;;snowflake;;array;;postgres;;varchar
2422;;snowflake;;array;;spanner;;string
2423;;snowflake;;bigint;;db2;;bigint
2424;;snowflake;;binary;;oracle;;blob
2425;;snowflake;;byteint;;db2;;smallint
2426;;snowflake;;byteint;;oracle;;number
2427;;snowflake;;byteint;;spanner;;int64
2428;;snowflake;;byteint;;sqlserver;;smallint
2429;;snowflake;;char;;db2;;char
2430;;snowflake;;char;;oracle;;char
2431;;snowflake;;character;;db2;;char
2432;;snowflake;;character;;oracle;;char
2433;;snowflake;;character;;sqlserver;;char
2434;;snowflake;;datetime;;db2;;timestamp
2435;;snowflake;;datetime;;oracle;;timestamp
2436;;snowflake;;datetime;;sqlserver;;datetime
2437;;snowflake;;decimal;;db2;;decimal
2438;;snowflake;;decimal;;sqlserver;;decimal
2439;;snowflake;;double precision;;db2;;double
2440;;snowflake;;double;;oracle;;binary_double
2441;;snowflake;;double;;sqlserver;;float
2442;;snowflake;;float4;;db2;;float
2443;;snowflake;;float4;;oracle;;float
2444;;snowflake;;float4;;sqlserver;;float
2445;;snowflake;;float8;;db2;;float
2446;;snowflake;;float8;;oracle;;float
2447;;snowflake;;float8;;sqlserver;;float
2448;;snowflake;;geography;;mysql;;geometry
2449;;snowflake;;geography;;sqlserver;;geography
2450;;snowflake;;int;;db2;;int
2451;;snowflake;;int;;oracle;;number
2452;;snowflake;;int;;sqlserver;;int
2453;;snowflake;;integer;;db2;;integer
2454;;snowflake;;number;;oracle;;number
2455;;snowflake;;numeric;;db2;;numeric
2456;;snowflake;;numeric;;sqlserver;;numeric
2457;;snowflake;;object;;db2;;clob
2458;;snowflake;;object;;kinetica;;string
2459;;snowflake;;object;;oracle;;clob
2461;;snowflake;;real;;db2;;real
2462;;snowflake;;real;;oracle;;number
2463;;snowflake;;smallint;;db2;;smallint
2464;;snowflake;;string;;db2;;varchar
2465;;snowflake;;string;;mysql;;text
2466;;snowflake;;string;;oracle;;varchar2
2467;;snowflake;;text;;db2;;varchar
2468;;snowflake;;text;;oracle;;varchar2
2469;;snowflake;;timestamp;;db2;;timestamp
2470;;snowflake;;timestamp_ltz;;bigquery;;timestamp
2471;;snowflake;;timestamp_ltz;;kinetica;;timestamp
2472;;snowflake;;timestamp_ltz;;mysql;;timestamp
2473;;snowflake;;timestamp_ltz;;postgres;;timestamp
2474;;snowflake;;timestamp_ltz;;spanner;;timestamp
2475;;snowflake;;timestamp_ntz;;bigquery;;timestamp
2476;;snowflake;;timestamp_ntz;;kinetica;;timestamp
2477;;snowflake;;timestamp_ntz;;mysql;;timestamp
2478;;snowflake;;timestamp_ntz;;postgres;;timestamp
2479;;snowflake;;timestamp_ntz;;spanner;;timestamp
2480;;snowflake;;timestamp_ntz;;sqlserver;;datetime
2481;;snowflake;;timestamp_tz;;bigquery;;timestamp
2482;;snowflake;;timestamp_tz;;kinetica;;datetime
2483;;snowflake;;timestamp_tz;;mysql;;datetime
2484;;snowflake;;timestamp_tz;;postgres;;timestamp with time zone
2485;;snowflake;;timestamp_tz;;spanner;;timestamp
2486;;snowflake;;timestampltz;;db2;;timestamp
2487;;snowflake;;timestampltz;;oracle;;timestamp
2488;;snowflake;;timestampltz;;sqlserver;;datetime
2489;;snowflake;;timestampntz;;db2;;timestamp
2490;;snowflake;;timestampntz;;oracle;;timestamp
2491;;snowflake;;timestampntz;;sqlserver;;datetime
2492;;snowflake;;timestamptz;;db2;;timestamp
2493;;snowflake;;timestamptz;;oracle;;timestamp
2494;;snowflake;;timestamptz;;sqlserver;;datetime
2495;;snowflake;;tinyint;;db2;;smallint
2496;;snowflake;;tinyint;;oracle;;number
2497;;snowflake;;varbinary;;db2;;varbinary
2498;;snowflake;;varbinary;;oracle;;blob
2499;;snowflake;;varchar;;db2;;varchar
2500;;snowflake;;varchar;;oracle;;varchar2
2501;;snowflake;;variant;;kinetica;;string
2502;;snowflake;;variant;;oracle;;clob
2503;;snowflake;;variant;;sqlserver;;text
2504;;mysql;;dec;;db2;;decimal
2505;;mysql;;dec;;sqlserver;;decimal
2506;;mysql;;geometry;;spanner;;string
2507;;mysql;;json;;sqlserver;;text
2508;;postgres;;box;;sqlserver;;geography
2509;;postgres;;circle;;sqlserver;;geography
2510;;postgres;;line;;sqlserver;;geography
2511;;postgres;;lseg;;sqlserver;;geography
2512;;postgres;;path;;sqlserver;;geography
2513;;postgres;;point;;kinetica;;string
2514;;postgres;;point;;mysql;;geometry
2515;;postgres;;point;;sqlserver;;geography
2516;;postgres;;polygon;;sqlserver;;geography
2517;;postgres;;varbit;;db2;;varbinary
2518;;postgres;;varbit;;oracle;;blob
2519;;sqlserver;;hierarchyid;;oracle;;blob
2520;;sqlserver;;int identity;;db2;;int
2521;;sqlserver;;int identity;;oracle;;number
2522;;sqlserver;;xml;;kinetica;;string
2523;;oracle;;json;;sqlserver;;text
2524;;oracle;;urowid;;db2;;varchar
2525;;db2;;timestamp with time zone;;bigquery;;timestamp
2526;;db2;;timestamp with time zone;;kinetica;;timestamp
2527;;db2;;timestamp with time zone;;mysql;;datetime
2528;;db2;;timestamp with time zone;;postgres;;timestamp with time zone
2529;;db2;;timestamp with time zone;;spanner;;timestamp
2530;;bigquery;;int;;snowflake;;int
2531;;bigquery;;json;;sqlserver;;text
2532;;bigquery;;struct;;oracle;;varchar2
2533;;spanner;;json;;sqlserver;;text
2534;;spanner;;struct;;oracle;;varchar2
2535;;snowflake;;geography;;db2;;varchar
2536;;snowflake;;geography;;kinetica;;string
2537;;snowflake;;geography;;oracle;;varchar2
2538;;kinetica;;geometry;;bigquery;;geography
2539;;kinetica;;geometry;;sqlserver;;geography
2540;;kinetica;;VARCHAR;;kinetica;;string
2541;;kinetica;;DATETIME;;kinetica;;datetime
2542;;kinetica;;INTEGER;;kinetica;;integer
2543;;kinetica;;DOUBLE;;kinetica;;double
2544;;kinetica;;DATE;;kinetica;;date
2545;;kinetica;;BYTES;;kinetica;;bytes
2546;;postgres;;_text;;oracle;;varchar2